NoDur,Durbl,Manuf,Enrgy,HiTec,Telcm,Shops,Hlth ,Utils,Other
1.45,15.55,4.69,-1.18,2.9,0.83,0.11,1.77,7.04,2.13
3.97,3.68,2.81,3.47,2.66,2.17,-0.71,4.25,-1.69,4.35
1.14,4.8,1.15,-3.39,-0.38,2.41,0.21,0.69,2.04,0.29
-1.24,-8.23,-3.63,-0.78,-4.58,-0.11,-2.29,-0.57,-2.63,-2.84
5.2,-0.19,4.1,0.01,4.71,1.63,6.43,5.42,3.71,2.11
0.82,9.89,3.74,2.82,-0.02,1.99,0.62,0.11,-0.17,3.47
-0.67,-0.92,-0.08,1.29,-1.13,1.88,-2.55,5.05,-1.79,1.5
3.37,8.91,5.81,1.47,4.45,3.97,3.61,1.71,4.53,5.05
2.73,1.62,1.43,-6.01,1.45,5.56,-0.41,1.01,0.37,1.22
3.35,3.15,0.77,-5.17,5.4,-2.13,4.43,2.74,1.71,0.83
8.14,5.93,5.07,4.82,7.37,3.35,2.34,4.12,9.21,6.54
-1.79,-3,-2.77,-3.16,3.28,-2.14,-0.62,0.54,-3.57,-2.15
4.81,13.09,12.07,2.85,12.16,3.73,9.84,9.84,5.31,6.04
2.76,6.98,2.89,-0.04,5.71,0.43,7.34,0.28,3.43,-1.03
5.24,5.67,4.76,3.32,1.21,6.53,7.5,5.65,8.29,4.59
-0.8,-4.38,-6.69,-2.04,-7.23,-2.09,-4.93,5.13,-4.34,-3.82
6.81,6.39,10.84,4.16,10.8,2.83,11.67,3.68,6.32,4.5
2.46,7.77,3.08,0.89,1.22,1.33,-0.68,-0.46,2.24,1.96
0.52,-3.34,-0.58,-1.86,-0.39,0.3,-0.88,2.69,5.87,-1.01
-4.17,1.26,-1.88,-0.22,-0.46,-0.3,-1.12,-1.38,-0.68,-2.02
4.39,27.49,8.19,5.32,19.42,1.96,8.49,10.54,6.62,6.04
-0.46,1.46,1.5,15.12,2.23,3.22,0,2.35,10.94,4.31
0.88,5.65,3.53,-5.29,2.3,6.61,3.79,9.27,1.51,0
-4.42,-4.08,-4.93,-4.07,-5.03,-5.22,-3.4,-3.15,-3.43,-4.29
1.68,0.94,1.99,1.05,0.65,-1.28,5.44,2.39,-1.24,-0.35
6.11,9.04,8.67,2.41,9.75,4.55,13.53,14.57,6.46,4.75
1.14,7.88,4.17,5.34,0.66,0.15,0.17,-1.14,3.76,1.01
0.9,0.08,4.33,2.04,1.85,2.97,5.9,0.05,-1.89,-0.43
6.62,4.51,13.08,17.23,19.56,6.68,15.29,5.05,21.93,9.96
-0.52,-1.22,3.09,-4.36,7.13,-0.38,-1.32,-0.41,1.57,0.4
3.38,1.3,11,-7.59,10.46,13.38,-3.88,3.43,13.17,5.56
-2.62,-0.03,3.42,-0.1,-0.71,-1.15,-2.41,0.05,-1.99,0.02
-4.63,-1.88,-1.83,11.03,4.5,4.29,-5.13,-1.5,-3.17,-2.17
1.8,-0.98,2.29,0.74,1.78,3.39,3.75,1.48,5.13,0.46
-3.94,-15.05,-9.78,-5.57,0.33,-8.77,-8.65,-7.84,4.8,-0.01
5.36,7.01,13.51,1.14,17.18,13.7,9.47,4.52,23.47,5.75
3.23,-2.95,4.09,0.16,9.24,13.68,1.04,2.59,9.14,6.57
4.77,3,9.43,11.36,12.54,10.98,7.79,3.09,9.05,7.73
-3.6,-8.35,-7.17,-2.95,-7.56,-1.37,-5.47,-7.02,1.32,-6.4
-10.64,-28.94,-19.61,-10.07,-27.73,-15.39,-23.97,-18.02,-30.04,-11.76
-8.44,-17.31,-14.13,-6.42,-19.24,-9.47,-12.34,-7.9,-14.64,-9.57
0.64,4.9,1.5,-1.18,10.78,1.01,-6.03,1.11,7.94,-0.49
5.7,5.95,6.9,-0.76,10.61,1.2,4.69,2.55,7.25,4.89
2.15,2.44,2.14,-4.49,7.75,7.06,-5.13,3.15,8.57,3.25
2.11,11.37,6.88,17.94,8.12,8.79,-2.44,5.99,9.72,4.84
0.54,-7.81,-7.42,6.55,1.97,-4.52,2.63,-1.27,3.34,-6.44
1.36,4.12,-1.74,-3.73,-4.4,0.4,-0.17,-1.49,-1.33,-0.96
-11.04,-22.27,-16.41,-15.47,-19.74,-8.34,-16.26,-13.34,-19.06,-11.7
3.14,12.1,4.75,5.18,4.07,1.27,2.7,6.52,4.06,3.44
1.98,-1.89,-0.06,-3.2,2.21,1.74,4.96,7.71,1.18,-0.38
-8.96,-16.73,-13.7,-15.46,-18.24,-5.27,-10.91,-8.7,-11.92,-10.51
-4.85,-11.64,-9.91,-8.37,-17.35,-4.12,-8.61,-4.37,-8.28,-8.43
0.18,5.37,-0.42,-3.72,-3.26,-3.27,2.74,-3.23,-8.74,-5.17
-4.59,-1.26,-8.21,-12.32,-10.76,-3.8,-13.44,-6.79,-3.69,-8.8
5.4,8.02,3.47,5.31,5.24,4.79,7.19,8.23,5.53,11.89
6.81,17.37,12.85,5.77,22.38,5.95,14.79,7.81,15.27,5.47
-1.69,-3.81,-6.77,-14.26,-7.76,-3.58,-3.27,1.8,-2.94,-9.4
-5.29,-7.87,-14.15,-13.45,-13.04,-4.25,-4.84,-3.62,-9.04,-9.89
-11.01,-16.08,-16.42,-12.54,-12.92,-8.94,-3.27,-10.26,-11.15,-17.39
10.73,14.63,17.38,17.57,18.69,10.21,7.86,9.69,11,16.22
-3.81,-2.1,-10.23,-3.63,-10.38,-4.87,-1.53,2.61,-5.39,-9.86
-0.65,-2.78,-0.15,9.48,3.71,0.82,3.02,0.39,-1.74,-3.98
-24.69,-34.8,-29.82,-29.84,-33.87,-21.56,-30.24,-29.45,-33.05,-26.5
6.89,12.96,6.18,14.02,11.3,4.34,13.97,11.26,10.48,1.9
-4.35,-3.49,-8.31,-8.69,-14.16,-6.86,-9.4,-2.79,-4.77,-19.17
-9.51,-8.78,-15.33,-18.91,-13.54,-7.94,-15.17,-4.1,-13.24,-16.53
2.06,-6.9,-0.5,-4.86,-11.42,-4.04,0.79,-2.66,-2.52,6.79
5.37,2.09,5.96,8.75,6.28,11.63,4.11,2.05,7.04,-0.28
-5.98,-22.18,-14.36,-1.1,-14.41,-9.9,-9.27,-6.41,-9.57,-15.96
-11.35,-29.53,-22.95,-13.94,-24.17,-12.39,-15.71,-19.77,-15.5,-22.36
-21.22,-18.59,-18.19,-5.56,-28.6,-10.81,-29.28,-34.08,-26.82,-30.02
1.16,-7.82,-2.52,5.94,6.99,-9.55,-0.59,11.05,1.45,-2
24.7,44.95,41.74,35.13,44.2,16.7,27.11,29.18,29.35,55.85
22.71,45.25,46.41,19.49,45.64,28.17,32.91,35.87,43.46,58.67
-0.86,8.5,-2.45,-10.16,-5.6,0.24,3.06,-11.92,-4.65,-4.15
-11.41,-24.75,-15.83,-3.79,-19.04,-8.13,-12.68,-18.56,-10.82,-17.99
-7.1,-2.71,-10.3,-4.53,-8.25,-1.12,-5.61,5.53,-3.6,-6.9
3.81,4.47,3.25,0.05,7.53,3.67,5,6.82,9.12,4.88
4.66,0.83,3.42,-3.01,1.43,0.31,-2.4,-1.13,-4.38,8.53
-9.06,-24.48,-17.53,-13.9,-20.09,-7.77,-17.96,-10.82,-19.85,-16.41
10.37,9.23,11.26,4.39,6.23,-5.85,8.53,-3.16,-12.79,3.77
34.17,79.79,57.2,38.99,53.49,13.22,42.45,37.13,25.36,30.8
12.71,26.05,26.03,17.71,19.82,17.37,17.06,23.49,19.29,31.54
10.34,20.75,12.39,12.5,10.82,10.5,16.26,10.39,15.58,14.5
-6.61,-7.05,-11.36,-12.05,-11.07,-4.36,-13.46,-19.11,-13.58,-6.62
9.86,20.76,16.21,19.07,12.89,4.53,7.15,-0.38,-1.23,14.59
-7.45,-15.32,-10.09,-2.69,-17.14,-3.56,-8.74,-1.31,-19.74,-16.39
-9.12,-10.06,-8.02,-4.85,-9.73,-7.18,-7.83,-6.02,-7.5,-10.91
5.21,25.38,12.73,14.69,12.83,5.63,14.45,9.4,-2.39,5.35
-3.39,10.45,4.61,-1.2,1.49,-3.75,4.57,-11.73,1.05,4.7
10.02,13.2,11.09,8.72,16.08,5.97,17.3,16.77,20.52,18.58
-4.98,-2.06,-3.16,-3.38,-6.31,2.12,3.03,-3.59,-1.69,-1.88
1.17,-0.3,-1.25,-1.33,3.18,1.27,2.4,-0.64,-1.8,0.82
3.1,-6.85,-2.75,-1.99,-2.33,-1.25,-1.21,8,-3.75,-1.6
-3,-12.82,-10.06,-4.63,-6.6,-4.3,-7.92,-0.38,-7.73,-7.36
3.85,-2.75,4.25,1.2,2.79,1.32,2.43,2.04,4.26,3.12
-5.12,-13.83,-11.56,-9.73,-11.89,-4.34,-8.35,-1.89,-17.24,-17.37
4.22,10.87,7.52,6.12,6.59,2.56,4.72,-3.05,2.04,4.41
0.24,0.68,-1.13,-2.32,-0.32,1.9,2.55,0.8,1.61,-0.37
0.61,-2.08,-0.46,-4.69,-0.93,-1.56,1.68,-0.71,-7.61,-2.22
8.5,17.61,12.63,7.03,13.52,-1.73,9.61,4.07,-0.25,5.64
-0.94,3.56,2.21,0.68,3.66,-0.59,-1.04,0.62,-8.66,-0.19
-1.4,-9.03,-2.39,-4.37,1.13,-0.46,-5.27,-0.86,-3.16,-6.72
1.61,-3.27,-1.8,-3.35,0.19,1.04,-0.62,4.25,-12.16,-4.7
-4.63,-5.82,-4.79,-3.82,-4.14,-0.72,-4.33,-3.14,12.34,-5.34
5.73,5.73,8.96,15.48,10.24,9.13,6.47,3.18,11.14,8.75
1.09,2.96,1.86,3.51,2.65,8.38,2.53,-4.02,13.76,3.88
5.51,9.78,6.51,1.51,8.34,5.35,6.28,4.09,9.11,6.33
3.14,19.08,10.78,0.13,9.6,5.74,7.51,3.19,9.22,7.26
-1.56,9.01,3.25,-1.89,3.21,4.07,3.09,0.29,7.21,3.41
1.69,11.09,4.22,-3.33,7.75,4.28,-0.57,1.11,-2.03,0.62
4.48,13.63,5.85,13.52,8.8,3.11,1.22,5.97,14.13,2.42
1.1,3.49,4.58,2.78,5.82,9.72,2.92,1.74,0.82,13.23
2.08,5.8,3.69,14.09,3.51,-0.16,-1.02,2.35,5.62,4.29
3.24,3.89,5.61,14.06,6.49,4.17,-2.81,3.46,12.53,12.17
0.61,3.74,5.56,1.26,0.34,6.57,0.99,3.45,-6.59,2.81
-2.08,10.19,2.43,1.75,-0.05,-3.37,1.14,3.52,0.64,-2.94
-4.45,-10.15,-8.94,-10.28,-8.63,-5.66,-5.24,-9.19,-8.34,-7.41
4.96,4.06,6.2,-0.57,5.22,6.46,6.7,4.8,9.52,7.4
2.32,6.86,1.29,1.73,1.3,2.43,5.29,1.29,3.62,1.75
2.97,4.91,7.69,4.74,12.05,2.44,6.21,4.65,11.59,9.64
0.84,-0.28,1.65,-0.67,2.41,1.76,2.49,-1.48,-1.03,1.85
-0.66,3.26,2.07,1.39,-1.25,0.33,2.94,0.77,-2.05,0.9
3.37,5.08,7.73,12.48,5.75,5.09,11.22,3.78,5.72,8.1
4.53,-1.37,5.44,1.48,5.5,3.87,11,3.4,-2.86,0.48
-1.42,-7.24,1.93,9.24,2.63,-0.4,-8.14,-2.04,-1.63,-1.18
2.45,7.27,4.6,2.41,8.62,-0.85,0.07,3.47,2.61,1.04
0.89,-0.5,2.66,1.49,-1.32,-3.06,3.06,-3.72,-4.19,4.78
-1.01,-4.13,1.35,3.39,-4.49,-2.09,-2.73,-5.03,-6.32,2.7
-6.38,-7.9,-9.16,-5.3,-7.62,-5.25,-7.24,-3.32,-7.47,-6.83
-0.44,-1.97,1,-0.24,0.8,1.53,-4.54,1.68,-5.27,-3.34
-3.24,-10.77,-3.61,-2.66,-1.46,1.39,-1.59,-4.12,-5.26,-8.95
5.07,13.23,9.21,8.42,9.55,3.27,10.33,4.14,19.32,8.74
-2.47,-2.27,-4.43,-6.57,-4.76,-2.54,-4.27,1.09,-10.18,-8.34
-9.12,-12.67,-17.45,-13.21,-14.12,-2.1,-14.1,-10.76,-11.75,-15.93
-7.06,-12.88,-13.87,-6.95,-7.19,-5.36,-7.04,-3.55,-4.88,-10.12
-5.86,-15.24,-9.32,-11.48,-4.59,-3.59,-14.36,-5.12,2.9,-6.87
-2.27,-16.27,-2.42,-1.25,-2.2,-1.54,-6.55,-2.41,-10.69,-6.63
2.96,11.05,-1.24,0.51,-2.47,-2.43,5.92,3.52,-5.7,0.49
3.46,3.47,8.67,9.42,4.34,-2.32,9.5,8.61,3.64,4.88
-15.79,-27.35,-25.72,-25.2,-27.72,-17.44,-22.19,-14.44,-19.61,-29.77
12.27,14.85,13.88,15.92,16.76,13.47,16.18,11.82,14.78,14.54
-0.23,-6.92,-6.89,-5.82,-2.99,0.83,-3.86,1.71,2.21,-3.96
13.2,36.01,32.89,21.98,27.3,12.42,24.03,10.07,16.9,24.87
6.61,19.89,6.8,7.38,5.85,1.28,9.06,5.8,0.68,10.01
-4.02,5.97,-1.92,-8.82,-1.19,0.28,-2.4,0.36,-5.53,-3.72
0.51,0.69,1.67,0.82,1.6,0.85,0.06,-0.01,1.23,-1.25
5.15,6.49,10.61,-1.56,10.08,3.56,8.04,5.63,21.09,11.11
-2.49,-1.2,-1.45,-0.11,-4.34,0.65,-0.37,1.44,-7.01,-2.01
2.76,2.12,5.59,4.86,3.08,2.57,1.03,0.85,3.95,6.34
-1.92,-8.33,-9.32,-6.29,-7.5,1.81,-3.14,-0.96,1.21,-8.66
2.46,7.06,3,-1.18,2.76,3.53,6.2,3.72,8.78,4.69
-5.75,-17.63,-15.57,-8.31,-14.99,-2.21,-9.59,-4.33,-13.63,-14.98
0.62,0.72,-1.32,-1.06,-2.71,2.75,-0.13,1,3.03,-1.81
5.47,7.89,7.62,2.55,8.28,5.56,11.38,5.49,6.61,8.04
-2.04,-6.78,-6.38,-6.12,-8,-3.79,-2.7,1.1,-3.55,-7.64
6.22,17.58,12.9,3.03,14.04,6.51,8.71,3.08,12.71,11.57
-7.36,-6.94,-6.79,-3.91,-8.09,-4.19,-7.33,-5.43,-6.01,-9.99
4.79,23.72,27,25.56,12.26,2.37,1.59,7.07,3.6,25.74
3.26,-1.4,-2.56,-3.93,-0.89,3.05,5.77,0.21,2.11,-1.6
-0.47,-2.92,-5.99,-6.14,-2.59,0.97,-2.31,1.22,-1.49,-5.07
3.17,3.88,3.97,-0.08,3.61,2.87,3.03,3.77,2.95,2.4
1.69,-3.83,-4.63,-2.19,-4.2,-0.12,-0.95,-1.79,-0.05,-2.68
0.94,2.08,2.7,0.97,-0.58,1.04,2.51,1.48,-1.24,0.88
1.65,3.78,1.54,1.72,3.05,1.16,3.08,1.9,1.74,2.63
1.75,-0.54,0.76,0.18,-1.49,0.33,-0.13,-0.31,-1.35,-0.76
-20.91,-26.04,-22.21,-24.47,-20.77,-14.13,-24.41,-21.21,-19.94,-24.04
5.38,8.68,4.2,5.67,3.01,8.72,9.01,4.91,17.43,8.59
-0.02,5.92,4.33,3.19,5,1.97,4.39,-0.52,0.08,3.39
1.34,7.39,2.49,1.42,3.31,-0.36,2.9,-2.29,-1.04,2.89
2.53,3.17,4.14,-2.26,4.22,1.66,3.32,4.61,-2.19,2.48
-1.41,3.94,4.1,6.3,2.43,1.61,0.08,-3,3.82,5.31
-0.99,-0.63,-1.48,0.87,-2.81,0.61,-2.15,-1.82,-13.06,-0.12
0.55,-3.29,1.19,2.31,-0.09,2.04,0.43,-0.23,1.76,0.24
-0.51,-9.22,-7.09,-2.14,-2.56,-2.1,-3.63,-2.19,-2.16,-1.6
-2.49,1.27,-2.04,-0.69,-0.34,-2.23,-2.53,-4.69,-1.2,-0.31
0.56,-1.7,0.77,3.74,0.34,1.78,1.21,1.77,-3.33,1.8
-4.13,-10.57,-5.69,1.4,-8.83,-6.35,-5.22,-5.22,-9.61,-4.44
-1.4,0.41,3.66,5.46,-0.42,0.4,2.27,-1.45,-4.43,-0.92
6.28,3.9,6.48,5.22,10.76,5.04,5.1,6.72,3.94,4.5
5.53,3.97,7.11,11.06,1.8,-0.38,4.74,8.03,5.33,7.53
0.83,2.34,-0.65,-3.46,0.74,1.06,2.37,0.08,-2.06,0.2
1.78,4.14,-2.9,-0.66,-0.78,0.25,0.43,-0.21,-2.83,-2.58
-7.04,-7.98,-6.43,2.19,-10.11,-2.72,-5.2,-3.69,-9.66,-4.13
-3.15,-3.64,-1.39,3.13,-2.04,-4.03,-4.52,-2.93,-6.67,-1.54
-3.95,-11.79,0.78,-11.1,0.47,-8.59,-9.83,-1.59,-7.48,-5.37
2.54,6.25,-2.19,-1.63,0.95,-1.37,0.66,-2.99,4.07,9.55
-5.5,5.15,-2.41,-5.83,-2.46,-0.57,-1.92,-5.35,-2.45,-1.87
-8.29,1.42,-5.56,-8.24,-6.27,-6.91,-7.09,-5.54,-12.13,-8.98
-4.1,-4.37,-4.59,-3.57,-3.62,-7.32,-5.88,-4.45,-3.42,-2.02
8.76,9.95,1.75,6.77,7.86,7.72,11.75,14.69,8.41,3.54
3.55,1.77,3.51,4.42,4.58,-2.23,2.54,2.85,1.69,1.99
2.42,2.1,2.76,6.05,1.81,4.48,4.96,1.6,-0.43,6.58
0.8,2.33,1.34,3.54,0.73,2.49,1.71,2.43,0.79,2.42
-0.07,2.59,3.25,2.36,5.16,2.04,0.67,0.26,5.83,3.38
4.51,5.82,6.72,9.62,6.27,6.19,0.62,4.13,15.13,8.91
2.71,-0.14,-2.36,0.91,2.02,2.63,6.66,1.58,-1.3,-2.06
4.72,8.19,5.27,7.49,6.14,0.35,2.73,8.69,4.36,4.44
9.14,5.24,6.98,6.4,9.8,3.78,6.92,2.47,14.69,7.06
3.62,7.58,5.23,7.91,3.43,8.81,3.08,3.64,7.87,9.47
4.36,5.06,6,7,7.42,0.62,8.68,4.56,4.68,10.09
1.03,0.53,-1.43,0.97,1.18,4.16,1.87,1.4,4.01,2.19
6.56,6.58,5.37,5.69,6.26,4.57,7.49,5.13,4.49,5.59
2.05,4.85,0.87,1.19,2.42,2.27,5.59,0.5,4.24,-0.8
-1.87,-9.7,-6.81,-2.86,-7.31,-0.18,-3.15,-3.26,-0.48,-5.19
0.94,3.48,0.67,1.1,0.49,0.91,3.74,0.26,1.87,1.41
2.18,1.69,2.66,1.41,5.18,1.45,2.16,4.02,3.87,2.18
-0.27,-1.12,-0.84,-2.06,-3.43,0.73,-2.4,0.57,0.56,-1.09
-4.57,-5.32,-6.44,-6.93,-6.43,-1.74,-4.5,-3.93,-8.37,-7.99
6.14,7.94,5.9,7.2,8,3.14,6.92,3.94,7.41,7.16
3.97,1.02,1.94,0.61,0.63,0.86,0.78,0.29,-0.34,4.5
-0.53,3.68,-0.36,0.09,-2.13,0.88,1.05,-2.64,1.51,2.07
2.83,4.77,2.27,1.87,3.79,0.74,2.28,2.46,1.8,2.66
-1.95,-1.18,-2.03,-1.37,-1.92,-0.57,-1,-2.36,-0.92,-2.46
5.33,7.91,5.56,4.97,3.63,2.83,5.07,5.68,2.78,4.27
5.64,9.31,7.1,0.53,7.49,3.21,5.83,3.85,4.86,5.95
-0.35,-4.93,-1.95,-1.21,-1.82,-0.37,-0.08,-1.24,0.23,-0.77
2.56,3.98,2.16,-1.94,1.96,0.67,3.12,0.76,3.62,0.36
-0.23,0.61,0.55,-1.38,-0.65,0.27,1.81,0.43,-1.51,0.1
-0.03,-2.74,-0.33,1.87,0.82,0.75,0.44,1.09,1.35,0.67
1.27,2.22,0.86,2.63,1.59,0.7,2.79,0.52,-0.39,4.31
2.03,3.97,4.24,5.14,4.64,0.72,2.15,1.71,3.12,8.46
2.64,1.37,2.8,4.92,0.67,-2.11,0.07,0.56,5.69,0.62
3.95,7.65,6.95,7.31,6.6,2.85,4.52,4.25,6.08,7.89
-3,-6.03,-4.78,-5.25,-3.81,-0.11,-1.37,-1.83,-3.08,-3.53
7.1,11.15,8.41,6.9,8.05,2.51,7.16,6.33,10.11,8.81
2.33,0.78,0.8,-0.87,1.82,3.76,6.26,4.11,1.88,3.11
0.89,-1.53,-0.15,-0.5,-1.88,2.62,-3.14,-4.65,5.14,4.48
-1.44,-0.98,-2.99,-3.23,-1.73,2.18,-0.11,-1.62,-0.37,-5.48
7.72,9.41,8.83,2.22,9.74,1.74,8.22,9.19,1.06,2.52
6.28,2.74,6.17,1.98,3.4,1.9,5.64,6.51,6.56,6.08
6.77,0.2,2.28,6.33,0.76,2.36,5.96,6.61,6.07,5.76
3.68,2.62,4.84,8.37,2.7,3.39,6.92,8.58,4.79,9.11
1.29,2.54,1.56,-0.24,2.63,0.48,3.46,1.53,-1,0.15
4.85,6.67,8,-0.07,6.45,1.91,10.98,7.76,10.82,7.38
-4.82,-8.94,-6.09,-4.67,-7.36,-2.82,-4.23,-4.31,-5.71,-6.14
6.35,0.98,5.67,11.04,2.15,1.16,11.4,14.57,6.25,4.68
3.54,1.42,4.33,8.77,1.7,1.59,7.2,14.67,4.31,1.68
3.35,5.14,5.01,3.68,5.14,2.82,1.9,5.64,3.06,3.39
-3.6,-5.92,-3.58,-3.15,-5.26,0.3,-7.69,-5.52,-2.78,-3.25
-0.75,-4.75,-3.27,-0.06,-3.29,-0.08,-2.99,-3.22,-3.61,-4.97
-5.27,-10.34,-6.69,-5.61,-6.89,-7,-4.83,-3.24,-5.35,-6.8
-10.68,-14.88,-10.39,-8.05,-9.79,-4.74,-6.88,-7.03,-8.91,-14.38
0.39,-3.31,-1.88,-0.66,-2.82,-5.13,-2.25,-0.24,1.45,-0.46
-1.31,-1.13,1.74,0.56,-2.12,1.79,-4.94,1.67,0.8,0.01
3.75,6.16,6.64,4.39,4.73,3.77,4.06,7.23,6.07,2.74
0.23,10.9,0.9,-0.65,5.38,1.03,0.68,-5.32,-0.16,0.47
-0.31,1.54,-0.68,-2.7,-2.08,-2.05,-0.39,-4.19,-0.88,-1.28
-2.2,-2.7,-1.6,2.29,-2.29,-2.15,-2.2,-1.26,-2.79,-3.33
-6.68,-4.08,-5.74,-0.44,-5.21,-0.22,-7.97,-8.6,-3.72,-6.27
-0.5,-2.16,-2.09,2.52,-0.29,-1.1,-0.37,-2.68,-2.48,-2.07
6.53,5.87,5.74,7.76,3.87,-3.17,9.88,4.19,3.98,3.19
4.65,5.2,3.88,3.87,6.34,0.81,4.61,2.6,2.53,5.99
-1.38,-0.76,-1.01,-2.3,-4.21,0.36,-3.54,-3.83,0.26,-3.19
0.4,0.17,0.7,-2.71,1.13,0.84,-2.8,-2.62,-1.32,-0.96
1.36,2.93,3.24,5.24,1.74,0.21,3.03,1.22,0.13,0.99
-1.69,-2.68,-1.2,-0.34,-0.55,-2.57,-2.41,-3.04,-7.58,-1.95
0.69,2.24,2.62,9.29,2.48,0.44,0.36,3.1,1.19,3.72
-2.69,-5.35,-4.08,-7.43,-5.53,0.1,-3.29,-8.23,-0.22,-0.87
-6.12,-5.42,-5.33,-2.96,-3.94,-1.06,-3.8,-3.53,-3.46,-4.11
5.46,7.25,9.62,9.93,11.1,1.95,6.67,6.33,6.61,9.94
1.31,1.17,2.51,11.22,-0.59,2.65,5.08,2.14,1.5,3.25
5.09,14.43,7.87,6.08,12.77,2.49,8.57,6.78,5.73,6.76
-2,0.3,-0.98,3.49,-1.41,0.44,-1.3,-2.19,2.57,-0.75
-1.67,-4.37,-4.99,-7.18,-6.6,-1.65,-7.72,-4.25,-4.34,-4.99
0.02,1.12,0.41,-2.01,3.07,0.06,2.49,-1.9,0.1,1.53
-3.95,-3.88,-2.65,-4.46,-3.17,-0.23,-0.93,-3.08,-0.89,-3.44
3.64,7.95,6.69,9.2,6.85,1.11,4.14,5.19,4.42,4.96
-6.17,-11.87,-10.15,-12.18,-9.25,-2.06,-5.72,-5.74,-9.05,-10.58
0.68,3.44,4.04,4.72,6.31,1.09,1.53,4.54,2.65,2.85
3.67,2.44,0.31,-3.83,-1.33,-1.26,1.17,4.57,4.76,0.32
-1.93,-3.69,-3.43,-4.3,-4.21,-0.3,-2.27,-0.93,0.68,-3.2
3.2,3.42,3.56,6.06,5.82,1.36,4.39,5.5,3.77,4.9
-1.64,-4.22,-3.54,1.28,-3.71,-1.64,-1.64,0.24,1.23,-1.52
-0.42,-2.83,-3.3,-5.63,-5.3,-2.18,0.19,-1.88,-0.58,-2.69
1.02,1.29,0.23,-1.18,0.11,1.12,2.86,2.16,-0.92,-1.38
4.94,9.43,5.94,6.24,6.9,2.41,5.16,6,4.73,4.19
3.97,2.31,2.17,5.49,0.75,0.98,1.5,0.19,3.66,1.45
2.83,2.65,3.93,3.03,3.65,1.23,2.32,1.86,4.06,3.39
1.53,7.34,4.34,3.71,3.74,1.88,0.66,3.38,1.32,2.42
1.84,4.75,3.24,-2.77,3.9,1.67,2.1,4.81,3.24,1.23
5.13,8.27,6.5,1.09,9.17,1.59,4.76,8.7,3.26,7.18
1.37,1.87,1.98,-0.64,4.53,1.86,0.43,1.06,3.73,3.2
0.53,3.49,1.94,-0.53,3.4,0.66,2.32,1.92,2.39,1.01
-0.56,1.86,0.81,4.85,2.42,4.57,-0.17,-2.9,0.55,-0.7
0.14,10.57,7.45,3.23,4.73,2.37,-0.36,5.52,0.95,1.52
2.07,6.44,5.98,8.8,0.23,1.97,3.16,3.96,1.83,1.35
-5.69,-4.04,-6.55,-4.52,-7.96,-4.28,-4.42,-4.19,-7.63,-6.79
0.44,-2.71,2.14,8.81,-2.92,-1.33,-0.96,-6.94,-5.23,7.5
3.94,9.23,6.34,4.32,5.26,2.56,4.38,3.68,3.38,2.32
4.88,8.79,4.5,3.53,5.01,-0.46,8.46,6.15,4.49,6.51
-0.37,0.61,0.46,0.29,-1.49,0.21,0.84,-1.76,-0.73,-1.51
0.02,-2.61,5.94,5.28,2.64,-0.24,1.11,4.68,-1.17,3.94
2.83,1.5,6.69,8.68,3.88,1.89,2.76,6.06,3.59,11.05
4.62,9.22,6.13,6.3,7.73,1.88,3.62,3.1,5.02,6.39
0.96,2.8,1.23,0.96,0.92,4.11,3.12,1.46,3.11,-0.42
-2.77,1.18,-3.04,-2.38,-0.91,-1.1,-2.1,1.7,-1.41,-2.84
0.95,3.42,6.85,10.81,3.17,0.85,0.39,10.41,0.21,3.75
-1.27,-5.32,-2.14,-3.01,-2.77,-0.41,-1.32,1.57,-0.05,-3.27
-3.58,-6.83,-3.8,1.09,-1.6,-0.18,-2.71,0.83,-0.39,-5.12
3.13,3.1,8.45,11.37,6,2.8,2.91,14.42,5.31,7.4
3.51,7,4.87,5.74,5.92,2.64,2.69,-1.38,2.13,3.45
-0.41,2.66,0.23,-0.76,3.44,-0.04,3.2,-1.84,1.32,3.58
-3.12,-2.04,-4.15,1.17,-5.76,-1.08,-3.09,-5.94,0.71,-3.63
-0.06,2.01,0.43,-0.79,2.12,0.49,1.45,-0.5,1.65,2.1
1.91,2.48,4.57,4.72,5.05,0.87,-0.24,5.11,3.26,2.13
0.52,-1.17,-0.3,6.6,-1.87,0.17,-0.49,0.73,3.08,3.32
-2.01,0.46,-3.84,-3.39,-3.42,-0.63,-3.66,-4.22,0.7,-1.57
1.71,8.33,2.97,8.72,4.95,1.26,2.52,0.37,2.23,5.84
-3.32,-3,-6.62,-7.65,-3.44,-0.74,-1.77,-5.46,-1.8,-3.39
2.14,4.01,4.28,3.51,2.96,1.03,2.64,2.53,2.99,2.94
2.87,5.24,4.32,5.45,5.66,2.06,2.93,-0.97,1.09,4.02
0.65,2.53,2.22,-1.02,1.64,0.24,1.94,-4.39,2.17,1.13
0.96,2.04,-1.66,-2.66,-0.32,0.88,-0.3,-0.55,1.9,-0.13
-2.81,-0.78,-2.1,-4.3,0.9,-0.34,-0.76,-4.1,0.35,-1.37
-1.23,1.2,-1.55,0.38,-1.11,0.92,-1.1,-1.47,0.49,-1.57
5.91,6.52,8.71,2.07,8.87,4.07,4.54,7.25,5.19,7.27
1.47,7.01,2.67,4.55,2.79,0.88,1.29,-1.96,1.79,3.74
2.01,-0.36,0.66,-2.99,-2.13,1.02,0.83,-5.12,0.94,1.08
1.69,-1.17,-0.98,0.33,0.49,-0.43,-0.15,2.09,0.41,-0.23
-1.64,-4.38,-1.63,-0.56,-0.81,-0.43,-0.48,-0.16,0.14,-1.44
-0.24,-1.97,-2.68,-5.18,-0.86,-1.04,-0.8,-5.35,-3.2,-3.2
0.22,-0.02,0.24,1.84,1.05,0.36,1.51,-0.03,0.03,1.44
-0.86,-3.33,-2.32,-0.08,-2.06,0.5,-2.2,-3.29,-3.06,-2.05
2.64,0.72,2.61,3.93,2.19,0.94,1.97,3.66,3.37,1.43
-3.42,-6.36,-4.85,-6.37,-4.52,-0.84,-2.34,0.05,-0.37,-6.8
0.16,-0.82,1.18,-1.92,3.09,1.78,0.1,0.43,1.61,-0.98
0.72,7.74,6.02,5.64,7.15,1.38,0.86,2.66,4.49,3.68
0.56,0.49,4.18,1.99,4.82,2.26,3.34,7.98,3,2.78
-0.5,-1.21,0.64,0.44,0.5,0.54,1.25,-1.34,0.59,-2.31
4.17,5.28,4.55,8.64,6.9,1.89,3.32,5.65,3.28,6.66
-0.23,1.71,0.97,2.8,5.34,2.57,0.44,-0.18,1.57,1.54
1.41,3.51,4.88,4.28,8.59,1.72,0.38,0.28,2.98,1.79
0.9,4.09,5.77,6.15,8.89,1.98,1.54,1.2,1.23,2.87
2.48,4.48,4.4,2.97,-0.26,1.24,2.84,1.61,2.69,4.4
0.76,1.19,3.62,-5.87,9.29,0.54,2.5,-2.43,1.34,1.48
6.37,9.85,5.2,4.23,0.08,4.36,4.21,8.21,5.43,6.83
-2.71,-3.36,-3.75,0.52,-4.29,-1.43,-0.21,-2.57,-1.73,-2.26
3.83,14.47,6.6,10.01,7.3,2.49,4.84,2.82,2.01,4.33
-2.25,-0.77,-1.11,-1.98,-1.78,-0.85,-2.53,-1.62,-3.81,0.57
6.23,4.45,13.68,8.04,13.47,3.43,8.4,12.55,5.69,11.16
4.33,7.27,6.54,6.47,2.9,1.58,2.26,6.13,3.58,9.39
0.27,0.54,-0.12,0.41,4.14,0.8,1.73,-2.88,1.45,0.88
1.57,-1.03,4.17,2.42,5.07,3.99,1.31,2.85,3.65,3.76
-0.85,0.05,0.36,-0.23,-1.53,-0.19,-1.4,6.1,-0.72,0.94
3.98,5.67,4.33,0.58,5.39,1.97,1.83,0.01,2.55,3.44
-0.24,-1.13,3,-0.62,0.26,1.29,3.02,3.14,-0.13,1.64
2.6,10.1,9.59,11.2,4.45,0.69,4.42,0.17,1.67,2.37
1.95,18.82,-1.37,2.76,-3.06,2.61,2.03,0.14,3.69,-1.8
-0.69,-4.27,3.12,-1.1,0.11,-2.44,1.64,0.15,0.08,0.47
-1.68,8.75,-0.57,-0.38,-4.2,1.06,3.41,-3.2,-2.63,-2.5
-0.81,-4.87,-3.16,-0.99,-5.46,-1.15,-2.51,0.81,-1.02,-2.84
3.6,9.06,8.02,8.58,10.89,1.63,6,6.26,3.39,8.05
1.2,-4.09,3.11,3.7,5.04,0.86,-0.75,6.22,-0.12,-0.72
-1.62,-6.59,-4.71,0.54,-5.34,1.86,-4.41,-6.5,-0.33,-2.76
1.18,5.73,4.87,4.27,6.05,0.16,2.81,8.25,1.92,3.17
1.74,4.1,7.97,11.44,10.39,1.43,0.43,7.24,3.78,5.68
0.81,-5.12,1.21,3.62,-0.51,-0.88,-1.82,2.74,-2.18,0.5
-3.23,-4.45,-6.28,-6.37,-5.35,-1.06,-4.55,-1.24,-0.74,-5.48
0.66,6.61,4.87,2.74,6.63,1.28,2.2,3.58,2.34,1.59
1.98,4.58,6.25,6,5.28,2.69,4.8,3.1,5.24,2.41
-1.37,0.61,-3.21,-5.27,-3.55,-1.36,-2.69,-3.07,-2.48,-3.6
-3.23,-0.91,-6.16,-5.81,-6.85,-2.87,-4.57,-3.69,-3.87,-4.4
0.4,-1.35,0.98,0.54,3.26,-1.39,1.48,0.58,1.14,1.1
-0.42,-3.53,-0.94,5.31,0.68,1.52,-2.17,-1.31,0.42,0.21
1.26,0.86,4.84,4.14,4.41,2.55,-0.6,6.05,1.82,2.02
1.77,-4.86,-5.71,-4.12,-5.65,2.9,-1.29,-2.26,2.64,-0.54
-1.41,-1.65,-2.78,-2.27,-0.65,0.32,-0.91,-0.35,-0.29,-2.57
1.6,0.44,1.99,3.17,4.78,1.52,2.1,8.21,1.69,2.31
1.39,7.35,3.6,6.94,8.39,0.45,0.25,5.43,3.19,3.15
1.39,0.64,3.53,7.61,5.79,1.03,2.7,4.78,2.25,1.36
-0.65,-0.23,0.23,-1.74,5.23,-2.09,-2.1,6.45,-5.11,-1.11
0.93,3.29,0.54,0.99,1.06,-0.24,2.88,2.98,0.02,1.12
-1.99,-2.74,-6.27,-5.74,-7.06,-0.12,-2.71,-2.26,-2.58,-5.41
-1.15,-7.15,-6.89,-7.97,-6.38,-2.22,0.42,-3.71,-1.72,-6.64
-2.13,-4.33,-4.67,-5.8,-1.79,-2.1,-3.93,-0.45,-0.69,-6.88
3.36,-5.71,3.38,2.43,6.5,1.49,1.73,7.77,4.38,0.33
0.44,-8.27,-4.57,-7,-3.3,1.26,-1.72,-0.38,2.56,-4.36
7.45,5.51,5.43,1.58,4.01,4.26,7.49,-0.05,6.24,11.02
2.04,-1.39,-1.97,-4.58,-1.69,0.66,1.41,4.92,1.28,-1.78
4.2,2.65,1.52,7.91,2.58,1.17,4.09,7.53,1.97,2.51
3.55,4.28,1.42,5.15,-0.14,2.7,2.99,7.52,5.09,4.55
2.72,4.68,3.42,0.37,1.53,2.11,3.62,1.07,1.41,3.74
2.65,2.64,2.36,4.95,3.59,1.66,2.14,3.23,2.19,2.88
1.63,9.38,8.48,0.69,3.77,0.9,1.87,5.97,1.13,5.31
2.93,-0.29,2.41,1.92,2.07,2.4,5.71,1.98,-1.01,3.07
4.26,10.29,4.54,3.28,6.18,5.05,4.01,11.72,3.48,4.64
2.51,1.84,3.06,1.33,4.44,1.45,1.22,1.05,4.28,3.64
4.09,2.03,2.92,1.92,4.35,2.13,5.9,8.03,2.95,4.7
2.66,3.08,5.2,1.25,13.06,13.3,5.71,4.61,5.94,3.05
3.81,-0.18,0.8,0.51,-2.18,3.91,3.49,-0.62,1.24,1.95
3,-1.4,3.62,-7.39,5.14,4.84,2.66,3.86,1.25,1.69
0.3,-0.75,-0.23,2.14,2.32,-0.42,-1.66,4.26,1.63,-0.72
3.01,9.77,4.16,1.72,8.39,4.63,1.53,11.92,-1.13,2.07
1.34,6.24,4.05,-0.95,4.76,-1.04,2.71,-1.07,-1.1,0.65
1.67,0.48,1.28,-2.72,-0.97,-1.06,2.26,6.59,-2.23,1.41
3.7,8.09,3.73,4.96,0.52,0.6,2,4.74,3.85,0.15
-0.39,3.23,-1.89,-3.13,-2.53,0.61,0.78,-3.52,1.34,-2.2
-3.22,-4.29,-4.96,-6.9,-4.21,-0.96,-2.08,-4.96,-4.34,-4.11
3.79,-1.1,1.42,1.17,5.06,1.3,0.82,2.38,0.88,0.17
1.24,0.12,2.19,-0.41,9.21,-1.23,2.43,5.62,0.4,-0.5
1.23,5.9,2.16,4.23,3.43,4.31,2.63,-1.63,2.13,2.08
-3.35,-11.36,-8.41,-7.49,-9.83,0.95,-5.7,-6.35,-2.07,-4.43
2.93,-2.07,0.49,-3.43,5.39,8.36,4.06,0.27,2.77,0.01
-1.41,-5.26,-3.55,-0.8,1.58,0.14,0.16,1.61,1.77,-2.34
1.54,-2.09,-3.53,-4.26,0.56,-1.05,-0.21,1.68,1.37,-1.14
6.52,-0.51,3.86,-3.46,9.57,3.32,3.29,13.77,1.52,0.33
4.32,0.69,1.68,3.52,1.42,-0.34,3.78,-0.16,5.79,2.85
-0.95,-0.5,-4.15,0.7,-4.21,0.1,-3,-3.86,-1.23,-1.54
4.52,3.2,1.7,4.1,1.16,7.11,3.14,2.46,4.46,3.02
-3.41,-5.3,-7.03,-1,-8.73,-5.91,-8.39,-8.71,-4.55,-5.8
1.65,-0.98,-0.97,2.43,-3.26,0.14,0.22,-3.49,-0.31,-0.86
8.68,-0.7,4.85,3.4,7.02,4.19,6.93,4.04,3.78,6.75
4.47,-0.22,3.93,5.3,3.04,12.45,2.26,6.22,6.42,4.18
5.44,8.57,6.63,9.76,2.88,7.89,2.9,6.05,4.86,7.83
6.65,4.43,5.05,0.73,2.7,0.75,4.95,5.19,3.67,5.68
4.82,3.91,1.61,1.42,2.77,7.43,5.85,3.8,1.74,3.45
-1.36,-1.04,-1.34,4.76,0.48,0.8,0.58,-0.3,1.86,0.49
3.67,1.65,4.58,0.15,2.87,-1.04,4.09,2.28,2.5,4.21
-1.42,-1.88,-2.96,-4.02,-3.35,-3.99,0.53,-3.38,-1.82,-3.91
2.84,6.99,2.47,2.27,1.79,6.43,2.45,3.45,2.89,1.26
5.13,2.03,2.46,0.2,4.48,0.26,3.26,3.84,3.8,5.3
0.03,5.54,-4.46,-6.43,0.22,-2.77,0.4,-1.31,1.4,-1.79
3.37,0.35,-0.23,6.62,3.37,0.19,9.02,3.52,5.31,2.27
5.49,9.84,2.96,5.54,2.94,8.49,5.11,3.27,3.41,3.91
-3.16,2.12,0.17,3.79,-0.69,3.33,-0.31,-2.02,-4.22,-1.86
-6.19,-0.96,-3.55,0.09,-4.96,-6.08,-8.63,-4.62,-2.58,-1.37
0.23,-1.52,1.4,5.35,-0.02,4.09,1.63,3.76,2.62,1.7
-1.1,-1.17,-0.45,-1.66,0.21,-2.94,0.91,0.54,1.98,-1.84
-6.76,-4.35,-7.94,-3.62,-11.06,-4.71,-4.42,-11.01,-2.79,-7.11
-11.29,-5.1,-8.21,-4.98,-11.17,-7.11,-9.08,-10.9,-10.47,-7.91
-8.83,-6.57,-9.54,-4.86,-11.57,-8.52,-10.26,-12.59,-5.08,-9.17
5.22,8.67,5.37,4.9,11.32,7.23,4.38,7.78,7.45,5.71
0.89,3.78,2.41,1.84,3.4,1.58,4.3,-7.92,3.17,3.89
-5.63,-2.87,-5.73,-1.78,-8.88,-6.05,-6.61,-4.05,-2.83,-5.75
-3.28,2.32,1.57,-0.29,-0.15,2.77,-1.34,2.47,-1.08,0.66
12.09,7.15,13.16,10.71,14.57,7.16,11.18,17.59,7.59,14.89
1.43,2.9,-0.99,4.69,-0.17,1.08,0.04,0.89,3.44,1.38
5.94,6.38,5.73,2.69,5.64,4.13,4.11,5.65,5.26,5.24
-3.04,-3.02,-2.57,-1.31,-5.06,-1.09,-0.67,-2.58,-1.48,-0.35
2.57,7.44,2.87,6.97,2.74,1.94,2.01,1.18,1.79,2.87
2.38,5.67,4.69,6.05,6.41,3.73,5.47,7.62,2.4,5.88
1.9,7.86,2.07,-0.11,4.19,-0.64,2.62,-0.25,1.03,3.65
-1.38,-2.79,-2.57,1.21,-4.92,-1.94,-1.37,-1.09,-1.13,-1.31
-0.49,-0.22,-1.4,2.29,-0.69,-0.25,-1.05,0.56,0.8,-1.63
4.89,6.55,6.21,3.94,5.14,4.29,6.44,9.56,4.2,5.54
-1.69,-0.24,-0.77,-3.64,0.13,2.37,0.93,-4.06,-2.5,-3.18
2.65,9.72,2.55,-0.32,8.29,3.43,0.52,3.38,-0.67,1.38
-1.13,-4.84,0.31,-1.16,-0.29,4.14,-1.24,-1.65,-1.02,0.23
2.81,0.27,1.92,4.65,3.05,-0.08,0.33,1.54,2.42,2.81
0.79,1.19,2.69,4.84,2.91,3.33,2.51,3.68,1.4,1.24
1.87,2.14,2.74,1.06,1.96,-0.28,1.63,1.66,0.87,5.5
3.08,0.93,3.7,1.4,3.38,-0.9,2.44,-1.94,-0.75,2.18
-0.48,1.93,-1.74,4.03,-3.63,0.83,2.86,-1.42,1.06,0.26
1.56,1.12,1.71,2.14,2.74,-0.39,3.9,0.53,0.84,2.42
1.61,0.67,0.89,0.65,0.52,4.7,3.84,0.59,2.2,1.38
1.76,5.28,1.32,3.34,-1.8,-2,1.21,4.76,4.91,1.34
-0.26,1.33,-1.28,-1.86,-2.75,-1.55,0.34,-4.22,-0.01,-3.14
1.69,5.04,4.8,3.08,1.15,-1.01,3.49,2.73,1.87,4.05
-0.18,0.25,0.42,3.07,-0.99,-0.9,2.32,2.88,0.95,1.83
0.7,-1.38,-0.58,2.55,-0.23,-2.2,3.26,2.17,1.37,-1.8
0.23,1.67,-0.68,-0.24,-0.01,3.09,0.13,4.38,0.5,-1.79
6.08,3.76,5.39,0.52,7.46,0.28,3.06,7.66,3.96,4.72
1.61,-0.69,2.54,-3.36,2.2,0.8,1.39,2.42,0.43,2.59
-0.79,1.39,-1.16,-3.03,-0.48,-1.69,-0.8,-0.93,-0.52,-0.26
4.2,7.04,4.07,0.86,5.14,2.33,6.82,2.98,0.65,2.17
-0.79,-3.53,-0.53,0.87,0.48,2.75,0.23,-1.24,-0.97,-1.68
-5.13,-6.83,-6.25,-1.98,-5.71,-4.18,-6.21,-5.31,-3.66,-7
1.6,2.3,2.09,1.81,3.6,-0.38,-1.39,3.95,1.06,3.41
4.08,3.21,3.53,1.56,5.88,1.33,2.3,6.29,0.92,5.09
0.46,6.97,3.83,4.37,5.29,1.09,-0.65,2.24,1.39,1.79
2.63,6.34,4.37,1.84,5.22,-2.29,0.29,3.23,1.05,4.25
1.11,-4.03,1.38,0.71,2.73,-4.32,1.38,3.8,-1,3.9
1.27,1.23,3.24,0.17,-1.54,-0.86,1.33,3.83,-0.31,3.49
1.9,0.49,2.92,1.04,1.35,-1.3,-4.34,2.74,-3.02,5.26
-0.48,-1.5,-0.76,-3.47,5.03,0.48,-1.84,-1.55,-4.17,2.11
-2.65,-3.06,-1.83,-2.23,-0.9,-4.84,-2.07,-1.6,-0.14,-2.84
0.42,0.11,2.87,3.13,7.65,1.26,3.1,-0.02,1.19,3.05
-4.92,-8.11,-5.7,-3.74,-6.05,-2.98,-2.93,-5.25,-2.73,-7.88
-1.79,-2.11,-0.96,-2.27,-0.13,0.49,-2.36,0.99,-1.78,0.74
-1.18,-2.43,-1.59,0.4,-1.76,-1.17,-1.96,-1.72,-0.18,-2.06
-7.17,-7.47,-7.83,-6.36,-5.98,-4.6,-6.39,-8.07,-8.59,-11.79
-1.48,-1.03,-3.6,3.94,-1.9,-0.57,-2.01,-1.13,4.36,-1.85
4.5,0.56,2.5,8.46,0.3,9.19,-1.36,4.87,9.94,3.12
2.33,-3.52,2.78,-1.14,10.88,-2.84,0.73,6.89,-1.36,7.95
0.22,-2.61,1.38,-0.66,0.41,2.98,-4.16,-0.17,2.1,2.12
9.42,12.2,11.19,3.59,10.2,6.23,11.83,6.41,2.84,11.97
2,-1.02,1.21,-0.07,6.17,2.15,3.25,1.42,-1.72,-0.25
4.45,4.28,5.8,3.61,5.44,2.94,2.36,7.83,1.53,4.17
4.59,10.83,3.74,1.67,7.73,0.19,9.2,4.46,1.88,2.23
-2.63,-7.28,-3.72,-2.42,-4.44,-5.67,-4.66,-5.29,-4.11,-1.9
2.65,1.51,2.12,2.28,6.32,2.72,3.85,5.38,-1.31,3.74
6.03,10.72,5.05,6.92,3.92,-6.62,5.98,3.79,2.33,7.89
-0.84,0.08,-0.39,-1.46,-1.01,-1.25,0.44,0.66,-0.65,-0.32
3.13,4.98,3.11,4.2,8.36,1.2,2.28,2.89,-0.09,1.32
-2.66,-4.87,-4.53,-0.99,4.8,-3.49,0.71,-5.01,-5.36,-5.25
0.56,-0.7,0.66,0.78,1.37,0.09,0.91,1.33,3.17,-0.41
3.2,0.87,5.22,3.09,2.19,0.13,3.37,1.62,3.28,5.5
-0.58,-5.16,-6.45,-0.89,-8.69,2.69,1.16,-6.57,0.2,-1.85
-2.67,-2.3,-4.27,-2.64,-4.55,-2.4,-0.82,-4.24,-1.48,-3.56
0.74,0.52,0.86,0.76,4.16,-1.12,2.81,0.1,-3.93,-0.08
11.1,11.99,10.67,5.68,12.38,2.22,12.34,11.9,2.49,12.14
5.02,-0.39,3.15,1.26,3.81,-0.74,3.54,3.34,0.45,6.27
1.19,-1.63,-0.2,1.81,-2,4.15,0.38,2.25,8.44,2.99
-3.9,-2.85,-4.09,5.28,-5.6,-0.19,-5.12,-4.1,0.17,-2.77
2.81,1.16,3.35,1.28,0.53,1.26,2.28,0.68,-0.87,2.83
4.86,6.86,4.55,3.53,2.95,2.95,7.96,0.85,0.27,9.2
0.87,4.71,0.98,2.55,-4.99,3.17,0.75,-0.05,0.49,1.08
4.66,-0.44,5.82,5.56,8.62,5.39,5.1,8.1,8.79,7.6
-1.04,-4.43,-3.39,-2.56,-5.37,-6.64,-4.11,-1.03,-2.88,-3.77
-1.2,-1.87,-0.42,-1.12,-4.68,1.2,-1.04,-0.23,2.41,0.9
-6.59,-3.36,-5.76,-4.6,-3.58,-3.32,-4.09,-5.14,-5.2,-8.4
0.76,5,2.6,7.09,5.46,-0.42,5.13,3.34,-1.29,0.74
1.03,1.3,1.29,-0.35,3.91,7.73,3.73,4.98,1.34,1.79
1.19,-0.02,-0.85,3.69,-1.7,1.06,0.59,1.66,0.02,-1.12
-7.33,-5.96,-6.97,-9.92,-0.13,-3.98,-5.46,-5.03,-5.74,-10.7
-6.93,-7,-5.44,-9.63,-5.42,-4.49,-8.51,-2.73,-2.98,-9.12
5,3,4.18,6.58,7.03,1.66,8.18,9.2,-1.29,9.02
0.26,-0.38,-2.09,-9.63,0.21,-4,-0.73,2.17,-4.14,-0.74
8.35,3.87,6.68,-1.06,5.8,3.5,6.79,8.97,8.28,7.96
-2.4,-4.43,-3.42,-4.51,-1.79,1.18,-4.19,0.34,-5.26,-5.55
-1.96,-3.43,-1.43,-3.01,-0.75,-5.51,-3.1,4.3,-0.65,-3.76
-4.3,-8.24,-7.3,-11.44,-9.07,-2.56,-5.93,-7.11,-4.23,-8.82
4.72,5.86,5.17,5.38,2.95,7.95,5.19,5.57,8.36,9.48
-0.86,4.99,-0.29,-0.43,-2.58,2.29,-1.74,-5.1,2.91,-1.91
-10.2,-8.76,-8.98,-9.15,-14.34,-8.79,-11.21,-10.12,-8.06,-13.71
-7.51,-6.22,-7.51,2.63,-9.54,-3.74,-9.52,-7.74,-5.36,-8.31
-1.57,-3.79,-4.81,-2.46,-11.76,-8.48,-4.11,-0.48,-4.7,-6.84
6.69,10.32,5.12,12.77,2.41,10.27,10.34,2.14,8.71,8.05
1.5,8.29,4.63,6.53,7.99,2.5,5.35,1.8,4.67,5.02
5.63,2.8,3.98,3.27,10.17,-0.93,7.98,8.01,-0.54,7.62
0.66,-2.05,-3.15,2.97,-3.54,-3.75,-1.74,0.31,-0.8,-5.88
4.8,6.84,3.91,4.89,4.08,6.11,6.84,2.97,9.39,3.76
7.45,6.26,8.01,2.28,4.43,6.85,5.45,5.34,7.13,8.38
4.92,3.75,5.86,0.39,5.44,9.75,8.33,4.92,2.95,7.78
3.79,2.24,1.26,4.73,2.78,-5.3,3.69,1.31,-2.58,2.24
4.47,3.48,4.08,2.71,8.08,0.73,6.88,3.68,2.39,5.95
2.21,8.54,4.27,4.34,2.37,0.82,4.93,4.23,-3.54,4.34
-3.05,-4.35,-2.27,-4.68,-6.11,-5.21,-1.77,-2.13,-3.69,-4.53
-0.12,-0.54,0.38,1.04,-2.17,1.05,0.38,2.05,4.29,-1.33
-2.13,-5.28,-4.88,-2.15,-8.59,-3.69,-3.53,-2.17,-2.15,-3.87
3.13,10.53,6.35,-1.16,5.68,-0.24,6.18,3.15,-2.33,6.99
-0.05,-0.05,-0.32,-1.67,-1.56,0.27,0.77,0.66,-1.49,-0.41
-4.33,-5.06,-6.04,-4.3,-4.35,-1.83,-3.42,-2.47,2.04,-4.21
-0.38,0.18,-0.99,0.02,1.77,0.43,0.24,0.69,-1.22,-0.28
10.52,6.2,9.87,8.83,11.29,7.55,10.24,7.79,8.12,8.2
2.51,3.38,3.22,0.16,8.35,1.01,0.49,2.63,-0.32,3.34
4.64,0.57,4.97,2.61,1.88,0.24,5.68,7.12,-2.5,2.25
0.09,4.3,2.49,-5.45,1.09,-0.33,1.94,0.46,-0.14,2.29
1.9,-0.6,1.98,-0.66,0.76,-1.06,-0.57,1.1,-2.8,1.79
0.4,-1.21,1.91,3.62,3.71,1.24,1.55,3.71,-0.17,-0.64
-1.11,-2.92,-2.26,-0.98,-2.55,-2.64,-4.04,2.54,-1.56,-4.52
-1.61,-1.99,0.47,-1.09,0.95,0.74,-2.49,3.1,0.05,-2.97
-0.1,3.76,2.28,12.41,2.86,5.18,-0.4,1.05,5.95,3.54
-2.6,-0.92,-1.22,-0.21,-1.16,4.27,-0.54,-0.43,0.18,-1.75
0.02,-2.35,1.14,3.12,-3.33,2.27,0.83,1.5,6.77,1.13
6.87,8.1,4.19,6.19,2.52,7.04,6.04,-0.53,6.39,5.11
0.53,1.75,0.91,1.05,1.97,1.45,1.7,3.73,-1.54,-0.77
-4.71,-6.68,-3.7,5.02,1.93,-2.12,-4.12,-1.18,-4.28,-7.49
-4.36,-6.03,-2.31,-7.36,-3.02,-4.64,-6.51,-0.71,-1.98,-6.08
-1.04,-2.85,-0.22,3.12,-1.22,0.53,-5.63,0.78,-2.16,-0.29
-6.26,-5.11,-4.42,-1.03,-6.69,0.86,-8.56,-5.48,-0.58,-7.81
-2.12,-4.3,-1.14,-3.45,-2.6,-0.84,-2.25,1.07,0.36,-5.03
-3.48,-2.61,-0.35,1.61,-0.06,-0.32,-5.76,0.02,-2.47,-0.3
7.5,7.22,6.64,0.33,4.93,-0.3,11.15,6.87,-2.39,9.61
-3.32,-3.91,-1.48,-3.74,-3.68,-3.93,-4.16,-6.91,-2.09,-2.27
5.85,7.84,4.56,9.28,-2.82,7.66,7.22,0.79,7.9,7.23
-2.33,-4.5,0.43,5.23,3.89,-5.54,-3.64,1.83,-3.38,-1.09
-14.32,-16.19,-14.26,-6.16,-11.45,-1.94,-18.95,-7.77,-11.61,-13.47
-1.63,-3.77,1.27,8.6,-4.32,4.53,-0.25,-4.48,3.41,2.49
2.37,6.27,0.41,-7.52,1.25,2.01,6.72,-2.52,4.55,1.09
0.04,-0.99,0,-1.48,-0.61,4.75,0.8,-1.23,0.27,1.01
-1.84,0.04,-0.76,-3.33,-2.74,-4.58,-3.08,1.21,-3.63,-3.61
-3.74,-3.95,-2.06,-6.3,-3.65,-5.31,-2,-1.48,-12.19,-6.39
-2.84,0.52,-2.52,-7.48,-4.26,-1.52,1.18,-0.12,-4.89,-8.41
-0.58,-2.71,-0.41,-0.27,-2.94,0.3,-2.72,-1.62,-6.17,-5.5
-10.2,-11.75,-7.16,-0.65,-8.44,-7.62,-12.86,-14.06,0.79,-6.64
-10.26,-6.7,-10.15,-8.54,-4.89,-0.04,-13.13,-8.11,-8.62,-10.63
-12.13,-12.77,-12.84,-7.87,-16.89,-3.82,-12.26,-15.55,-1.34,-9.6
15.64,4.1,16.14,20.97,14.84,10.85,10.01,29.52,13,20.24
-3.84,-4.68,-5.92,-4.17,-4.9,-3.09,-5.78,-1.2,-0.15,-2.76
-0.6,-3.86,-4.47,0.8,-5.32,1.57,-3.43,-3.37,-0.83,-4.34
18.85,21.31,14.46,6.51,15.29,11.11,25.98,-0.61,18.84,17.82
4.1,4.59,8.02,2.28,13.19,5.16,5.18,16.04,0.92,2.85
7.08,6.69,5.05,-2.21,1.02,-0.85,10.72,1.28,-1.34,4.11
3.11,4,9.57,7.26,5.53,-0.95,2.6,0.72,-1.58,3.29
5.18,2.62,2.82,12.35,5.88,3.52,3.99,6.48,8.45,5.7
5.39,10.21,3.56,6.23,2.28,4.07,7.41,0.91,10.77,5.95
-5.39,-2.06,-5.91,-4.17,-9.39,-4.22,-7.39,-12.03,-4.78,-6.13
-3.14,-3.43,-0.8,-0.93,-2.97,-3.59,-0.4,-3.34,-1.3,-5.12
-2.51,-2.55,-5.8,-1.16,-0.84,-1.25,-3.47,-6.54,-0.97,-6.31
10.56,8.87,5.67,-1.39,8.39,6.81,9.85,10.68,6.51,3.9
4.07,3.39,3.01,-1.63,5.03,4.25,4.65,5.12,3.12,3.55
-1.51,-0.39,-1.31,0.07,-1.25,-0.09,-3.01,-6.36,1.33,-0.29
11.01,15.59,16.85,8.36,18.3,9.5,8.99,7.78,8.37,12.92
-1.06,3.89,1.73,-3.15,1.19,3.56,4.63,-6.52,-3.53,3.13
0.72,3.63,1.15,7.27,2.98,0.59,3.45,6.52,1.42,1.93
-1.7,1.89,-1.42,2.12,-3.4,1.72,-4.69,-4.31,0.65,-1.56
-2.17,-3.17,-1.23,5.49,0.53,-2.95,-5.74,-2.81,-1.38,-1.66
3.66,4.25,3.7,5.07,8.22,3.58,1.5,3.66,4.27,5.4
1.5,-1.07,-1.86,-0.66,-2.21,1.24,-2.34,-0.38,2.82,-0.04
-0.31,-1.43,-1.69,-0.88,-0.84,4.73,2.86,2.17,2.93,-1.14
1.54,4.52,1.08,5.98,2.89,1.61,0.44,3.62,4.1,0.93
-1.6,-1.18,-3.28,-2.42,-4.51,1.27,-0.93,-3.75,-0.84,-0.46
1.74,-0.75,-0.37,0.86,1.66,3.15,4.82,-9.69,3.16,2.05
5.23,9.7,5.85,6.27,3.84,3.46,2.37,6.26,6.53,8.4
-4.07,-4.14,-6.01,0.25,-3.89,0.1,-7.13,-8.82,0.8,-4.16
-1.4,-3.5,-0.63,-2.95,-0.64,0.97,-1.88,-0.21,-3.4,-1.75
-1.4,-3.37,-0.34,-2.08,-0.04,-1.03,-2.74,-1.79,0.15,-0.1
0.53,3.18,0.56,2.57,-3.45,0.67,-3.41,-5.2,1.95,2.14
-0.94,-0.5,-2.96,-0.4,-1.47,1.42,-2.74,-1.88,1.67,-0.85
4.52,4.32,3.41,6.06,7.78,1.96,6.04,9.04,5.72,5.31
1.21,-2.43,-3.61,-1.84,-0.16,-0.85,-0.18,-2.24,0.87,-0.35
0.11,-0.87,-1.25,-5.72,0.49,-2.26,4.61,3.79,-3.25,-1.25
0.24,1.6,-0.97,0.78,-1.8,3.47,-0.66,-0.84,2.01,-0.08
-3.35,-4.47,-4.59,-3.59,-3.2,-5.05,-3.16,-1.68,-3.14,-4.43
4.63,1.94,4.33,3.45,5.23,2.21,5.57,6.02,4.3,6.47
-0.01,-0.65,0.73,1.85,2.4,2.16,-1.26,0.59,-0.32,0.65
-5.29,-6.86,-6.06,-6.9,-4.72,-4.16,-6.81,-1.86,-4.57,-5.31
0.12,0.4,-2.62,-1.1,-3.47,4.11,-0.41,-3,-0.4,-0.15
4.16,6.11,3.92,2.03,-0.69,2.63,2.92,4.16,2.48,5.42
6.89,9.7,11.46,6.75,13.31,2.96,10.79,9.2,0.23,9.34
4.24,0.14,4.13,0.82,1.62,-0.38,1.26,5.25,0.71,2.54
-0.27,-2.86,-1.46,-3.74,-0.36,-1.53,-1.97,1.1,0.82,-0.26
3.55,4.63,7.84,3.44,8.58,1.44,5.2,8.87,2.82,6.55
4.12,2.87,3.93,5.13,6.01,3.57,5.7,1,0.47,6.38
-0.37,-0.45,-2.09,4.76,-4.15,1.22,-2.65,-2.75,-0.26,-1.26
-11.58,-11.17,-11.33,-10.62,-10.81,-4.53,-14.19,-12.84,-7.08,-14.06
2.2,0.77,2.86,6.21,5.07,3.01,2.6,5.18,3.01,2.5
1.74,-0.56,1.44,2.95,6.45,0.1,-0.57,3.42,-1.23,1.32
4.2,5,6.52,3.2,4.3,3.65,5.72,1.42,6.35,6.09
-3.51,-3.54,-4.48,0.65,-3.31,-0.63,-4.42,-4.52,-1.62,-3.25
4.13,6.6,7.35,9.3,7.61,0.17,6.15,5.05,2.35,8.17
0.22,2.99,-0.47,4.31,0.33,-2.12,0.83,0.42,-2.72,1.51
-1.77,-0.78,-2.29,-2.31,-1.98,0.09,-2.39,-2.64,1.39,-0.31
3.28,2.99,3.51,9.19,0.49,1.95,3,4.83,4.99,7.05
2.07,2.05,2.03,1.7,-1.52,-0.11,1.18,0.14,2.12,3.3
7.55,4.69,7.71,7.97,5.94,1.57,8.85,8.54,2.05,5.85
-1.91,0.43,-0.72,5.84,-1.76,-2.39,-0.75,-0.54,-2.14,-0.65
-7.67,-9.42,-8.85,-2.39,-7.73,-5.08,-8.89,-4.34,-5.8,-10.15
5.15,-2.36,4.71,8.93,8.17,4.05,3.91,8.75,7.79,7
3.38,3.39,4.43,2.68,1.79,-1.51,3.07,2.08,-0.92,4.18
3.12,9.06,7.06,14.15,7.37,-2.05,1.38,-1.29,1.6,5.51
-4.8,-6.31,-2.52,12.58,-3.55,-1.48,-4.79,-4.63,-3.36,-3.33
-8.16,-8.74,-11.73,-17.79,-12.66,-2.64,-8.76,-2.84,-6.67,-12.26
6.52,-1.91,3.2,6.85,0.72,7.3,3.36,4.28,11.96,6.06
7.88,4.31,6.24,4.05,4.82,5.02,10.67,6.96,4.61,8.11
2.99,2.79,2.33,5.81,3.03,-0.58,2.37,0.21,4.54,5.12
7.76,11.76,10.84,1.67,15.48,1.02,10.84,8.89,-0.12,6.63
1.45,1.46,1.57,3.79,3.68,6.31,1.86,0.3,-1.08,2.65
0.21,0.97,2.85,6.8,2,-1.59,1.29,3.6,0.17,3.62
0.28,-1.73,0.44,8.01,1.94,-3.24,-1.15,-1.29,2.01,1.5
0.92,4.78,8.39,24.56,9.8,0.01,2.8,8.81,7.51,7.48
1.04,-1.16,-2.06,-10.87,-1.17,0.83,-1.43,4.61,-2.02,-0.7
2,-2.2,-1.95,-10.36,-8.08,5.53,0.46,-1.57,-2.72,-2.55
2.49,6.41,4.36,-0.47,0.49,2.16,2.64,1.85,-1.32,1.7
6.93,7.07,5.97,-2.49,5,1.16,12.72,5.87,2.96,8.44
1.15,1.81,-0.94,-7.45,0.15,6.21,3.02,3,-2.58,0.93
2.64,2.88,-0.37,-4.01,4.22,7.14,2.82,3.47,1.95,2.51
-0.2,-4.21,-1.32,4.75,-6.66,-1.91,-1.43,-5.58,3.45,-0.97
-0.65,-2.97,-2.83,7.86,-3.77,0.37,-3.33,-3.89,2.81,-2.68
-5.1,-7.85,-6.86,-6.4,-7.26,-0.8,-5.32,-7.75,-0.83,-5.5
-2.18,-2.97,-7.15,-12.3,-3.89,2.81,-3.9,-1.33,-5.56,-5.44
7.51,-4.14,3.67,10,5.14,6.03,6.83,7.95,4.86,7.14
2.69,4.81,4.53,6.86,1.53,2.64,1.05,3.93,5.91,5.07
-1.79,0.42,-1.62,-6.54,-0.01,-1.43,-2.02,-0.75,-2.33,-3.76
-0.9,1.2,-3.3,-8.58,2.77,0.67,0.14,1.45,-0.69,-3.25
-1.97,-1.94,-5.63,-10.94,-5.22,-5.7,-1.37,-1.81,-0.45,-3.9
2.47,3.65,-1.75,-3.61,-3.58,2.05,4.11,-2.57,1.63,-1.31
6.64,4.49,3.21,4.4,7.43,-0.17,5.35,7.33,3.83,3.72
-3.21,-1.83,-4.7,2.47,-5.41,-1.05,-2.62,-3.05,-0.5,-5.46
1.7,2.71,-2.56,-6.47,-2.33,-2.55,2.75,-0.73,-2.24,-2.43
-0.46,-0.39,-2.31,-7.95,1.55,1.17,0.25,0.85,-2.61,-3.07
9.21,13.77,13.95,9.82,12.78,10.84,12.55,12.38,11.91,11.32
5.32,-0.73,-1.05,1.95,1.19,1.05,4.8,1.37,1.09,4.17
10.57,16.56,13.03,5.61,16.95,8.18,16.89,8.35,4.89,15.66
5.15,8.22,5.85,-4.39,10.64,6.02,11.16,5.31,0.1,7.57
0.84,3.13,0.72,5.47,2.67,-1.22,-2.1,0.56,4.29,-1.3
-1.02,5.12,4.97,3.69,8.39,12.34,1.33,1.43,3.64,2.82
3.76,3.56,4.14,-0.39,3.6,-0.29,7.93,2.8,1.45,4.64
7.39,-1.07,2.09,5.99,0.66,0.71,8.53,4.63,0.3,4.96
6.29,11.02,6.36,9.46,7.46,5.13,8.62,5.12,4.78,8.3
-0.88,-2.14,1.98,1.29,2.78,-1.26,0.47,-2.66,2.63,2.45
2.97,10.41,1.58,6.48,6.13,0.22,6.09,6.89,-0.41,1.64
-2.59,-3.62,-2.54,-2.32,-5.37,-5.17,-3.24,-5.63,1.04,-3.69
0.64,-2.48,0.68,7.2,-1.09,2.19,-4.71,-1.08,1.51,-0.86
4.59,4.44,2.28,-4.85,2.15,2.26,2.2,1.28,4.66,1.63
-0.25,0.36,-2.31,-2.1,-6.87,-5.22,-1.72,-2.14,3.07,-4.01
2.26,4.12,6.47,-0.57,2.27,3.17,4.47,-3,-1.57,4.68
-0.46,0.98,-1.12,1.91,0.39,-1.52,-4.75,-3.6,-3.63,-0.86
-0.75,-5.4,-3.53,9.99,-6.13,4.06,-5.88,-0.61,1.49,-1.65
-5.72,-6.08,-6.64,3.88,-5.95,-3.7,-4.45,-1.99,-3.36,-4.89
1.56,0.38,3.32,0.16,1.85,-4.21,1.24,-0.7,-0.23,2.45
0.48,1.3,-0.13,4.07,-0.43,2.18,0.28,2.34,-0.4,-2.06
-2.4,-5.57,-5.74,-5.06,-5.51,-3.49,-5.12,-6.45,-0.83,-6.85
6.32,1.99,3.2,-2.21,1.77,12.26,7.38,3.85,0.47,2.23
-1.73,2.59,-1.44,-7.16,-2.32,2.89,0.13,-3.81,-0.03,-1.8
8.78,10,11.87,13.75,13.86,7.15,9.87,10.29,7.75,11.16
1.27,-0.14,-2.55,2.12,-3.9,4.04,0.07,-4.39,4.81,2.2
1.41,2.16,0.59,-4.49,-0.51,-3.52,-0.73,1.6,3.31,0.73
0.32,-2.99,-1.32,-1,-3.84,0.47,-2.87,-0.04,3.03,-0.3
2.46,4.59,2.17,-0.56,2.44,5.32,0.76,2.84,2.63,3.7
5.01,9.81,8.45,6.51,12.56,5.25,13.17,8.24,2.4,9.81
5.05,-1.58,1.37,3.81,-1.31,3.37,2.08,3.61,1.39,2.15
4.7,-5.24,-2.77,1.56,-6.02,4.46,-0.58,3,6.12,-0.16
-2.11,-3.45,-1.48,3.87,-3.61,-0.71,0.11,-1.7,1.62,1.47
7.9,5.94,6.08,0.65,2.88,8.35,9.61,9.54,5.5,6.36
2.73,1.51,1.53,-0.79,-0.72,4.5,1.58,2.32,3.62,2.95
-2.59,2.4,3.43,-0.31,4.47,-4.56,-3.98,-0.46,-4.7,-0.14
0.77,-2.62,-1.14,1.41,-2.52,0.53,-0.58,-0.81,1.92,-0.45
-0.63,-3.26,-3.97,-1.34,-4.75,-4.17,-4.28,-3.92,-5.31,-4.92
3.58,0.87,3.28,6.25,3.05,4.04,6.84,3.16,6.31,6.38
8.48,9.98,7.95,0.54,8.65,7.39,7.97,9.75,4.24,7.41
5.4,7.18,4.52,-3.1,8.27,6.19,4.53,3.5,4.85,4.49
1.85,2.2,1.6,-6.83,-0.26,-3.95,1.66,1.09,3.78,3.54
10.81,10.92,10.21,0.75,4.98,7.39,7.79,6.13,6.56,8.33
8.04,7.91,6.02,0.19,-0.08,3.82,8.57,12.02,3.95,5.78
0.43,-3.55,-1.76,0.69,3.92,2.44,0.31,0.7,-3.9,-2.64
8.86,3.18,4.41,7.35,0.97,4.81,9.91,7.27,3.63,4.63
6.26,-1.26,-0.04,-2.29,-3.99,5.42,3.91,5.64,5.07,1.54
-5.7,-9.04,-7.21,-5.18,-8.33,-3.02,-9.55,-5.32,5.13,-6.41
2.62,7.52,6.25,16.56,6.98,6.87,1.68,4.01,7.91,6.9
-10.82,-8.18,-6.77,-0.92,-7.06,-9.29,-8.46,-12.54,-9.09,-8.79
8.86,6.48,6.56,1.93,0.62,4.66,7.38,7.94,5.24,4.26
0.74,4.83,2.79,3.27,3.53,3.94,1.81,1.36,0.55,-0.62
-3.19,-2.19,-1.92,-0.48,-3.68,-3.72,-6.25,-1.24,-3.3,-2.53
14.51,18.81,14.52,14.11,16.46,5.31,11.76,13.16,9.3,11.14
5.62,3.47,4.87,-1.65,9.42,0.04,9.81,11.24,-2.14,4.67
1.07,4.63,3.38,12.34,2.67,1.43,1.72,0.17,-1.67,-0.29
-3.66,4.08,-1.45,0.28,4.38,-2.42,-2.7,-2.45,-4.32,-4.07
2.58,-1.41,0.27,2.95,0.29,3.33,-0.04,1.24,-1.85,-0.04
6.82,2.98,5.08,6.04,0,7.04,6.27,4.78,3.39,4.62
5.69,6.96,7.12,3.17,1.03,6.01,5.73,5.77,-1.68,3.58
3.73,5.68,2.79,1.92,7.41,5.11,3.35,2.21,3.71,4.35
-2.74,-3.98,0.24,-3.84,-2.71,2.99,-6.37,-2.54,-2.31,-1.79
-21.02,-26.94,-27.35,-18.41,-25.92,-12.39,-28.07,-20.45,-6.93,-23.6
-8.02,-8.51,-5.16,-10.56,-9.81,-8.94,-8.46,-9.31,-2.52,-6.61
7.53,8.6,10.85,6.78,11.87,4.27,8.56,5.34,0.57,5.4
3.01,4.48,0.36,8.45,-2.45,9.77,5.58,6.36,9.77,6.39
6.01,6.27,7.6,3.6,7.47,1.32,10.25,4.2,-1.42,4.32
-1.52,-4.17,-1.31,2.61,-4.67,-3.83,-1.11,-2.52,-3.18,-1.35
-0.09,2.9,1.6,4.64,2.6,0.68,1.66,-2,-0.29,-0.36
-0.29,1.23,-0.34,-0.42,-1.32,2.17,-1.42,-0.25,3.59,0.95
3.42,8.26,7.51,-2.1,9.41,3.01,6.56,2.68,3.22,6.02
1.62,-0.82,-2.34,3.63,-5.11,0.01,-0.82,0.49,-0.26,-0.59
-0.22,-6.68,-4.41,-1.5,-8.19,-3.07,-2.6,-1.04,-0.13,-0.93
6.49,3.9,3.43,-2.48,2.83,7.36,8.23,3.86,2.72,4.13
8.17,3.33,0.69,1.89,0,2.79,1.6,1.22,2.53,-0.01
-1.14,-0.94,-2.16,-0.29,-3.15,0.33,-2.81,-2.17,-0.46,-2.09
3.51,0.26,3.14,1.86,4.89,1.62,1.56,1.82,1.01,0.96
5.64,7.61,7.5,6.23,7.09,8.95,6.29,6.78,2.76,6.89
-1.4,-2.99,-2.09,-1.27,-3.76,-1.22,-1.86,-1.15,-1.82,-0.41
5.43,-1.41,1.2,3.93,-5.5,5.57,2.8,4.94,0.56,3.41
5.73,0.47,5.37,2.51,5.18,9.62,5.55,5.41,3.91,4.68
5.38,2.3,3.62,2.67,2.46,5.79,5.35,3.41,5.35,4.18
1.48,1.27,-2.69,-0.99,-3.26,-0.03,-2.04,-2.72,3.41,0.84
11.99,5.11,7.64,3.78,2.94,8.55,9.17,13.9,5.8,8.16
-1.99,5.43,4.42,3.5,2.53,1.03,2.64,0.37,-0.8,3.36
-0.54,-4.6,-2.54,1.37,-2.7,3.82,-2.31,2.41,0.48,1.35
-2.49,-5.7,-4.36,0.78,-4.42,-2.06,-4.09,0.39,1,-4.84
1.68,-1.18,3.07,3.98,-1.81,1.99,1.26,4.54,3.23,-0.03
1.36,-1.45,2.97,6,-1.09,5.71,1.17,1.05,4.79,-1.46
-9.43,-3.84,-6.33,-4.3,-1.28,-13.39,-6.43,-7.36,-5.35,-8.87
-0.39,5.13,2.56,3.1,4.11,-0.35,1.99,-2.06,0.21,2.52
4.54,2.9,3.92,-0.57,4.46,4.18,5.11,3.85,-0.75,-0.26
-0.27,-4.04,-2.73,-3.54,-2,-3.46,-2.1,0.29,-5.51,-3.46
9.04,7.76,8.08,6.03,12.54,9.38,11.65,12.77,5.43,9.1
2.03,-2.25,-0.59,-2.04,-1.17,-4.71,1.49,4.43,0.75,-1.64
-0.81,-3.48,0.18,8.32,-7.43,-4.58,-4.08,2.6,0.89,-3.46
-7.36,-14.27,-12.11,-1.25,-12.03,-10.74,-12.17,-6.8,-6.64,-11.38
-4.11,-10.58,-8.01,-1.57,-6.65,1.27,-8.73,-4.35,0.48,-10
2.45,-3.22,-1.89,-4.04,-3.51,2.8,-3.09,1.42,7.24,-6.36
6.56,4.1,7.41,1.62,11.19,3.1,10.37,9.49,2.29,10.65
4.41,-0.44,4.94,-2,4.16,1.74,3.35,2.78,0.8,5.46
5.15,7.29,6.46,-2.05,14.97,0.19,9.35,4.54,-1.37,7.48
10.29,10.23,5.87,8.52,6.41,3.42,8.3,9.87,4.84,9.68
4.78,1.16,1.38,1.32,0.75,2.33,8.58,5.42,1.71,3.1
-0.97,-2.35,0.53,2.46,-2.9,1.12,1.97,-1.14,-0.04,1.28
3.6,14.72,7.48,-1.41,3.61,-1.45,7.65,4.65,0.15,4.96
-4.95,-4.46,-4.26,-3.65,-8.81,-1.9,-4.29,-4.18,-2.36,-5.22
5.67,-0.41,3.13,5.07,4.62,3.2,5.33,8.46,3.99,4.7
5.4,-2.13,1.91,1.71,2.81,0.83,3.62,2.88,3.52,3.11
-3.25,-2.68,-2.28,-0.71,-1.3,0.54,-3.25,-0.36,3.73,-0.57
-0.6,-1.99,1.48,2.06,1.99,2.1,-1.95,6.63,1.23,2.32
-0.52,-7.97,-5.54,-7.7,-4.37,-4.93,-1.25,-2.59,1.89,-5.4
14.63,7.64,11.56,2.07,9.12,9.82,12.97,16.54,5,12.62
-3.05,10.49,2.32,-4.12,6.64,-2.61,0.36,-5.55,-4.58,2.06
1.1,12.28,2.19,-0.52,3.86,-1.21,2.59,-2.64,-1.24,3.13
-1.56,0.79,-1.17,-2.79,-5.16,-0.98,-1.39,-5.47,-0.53,-2.15
0.74,7.9,3,9.49,-1.01,6.84,-3.48,-2.16,2.69,0.52
1.38,-1.92,-0.66,3.18,0.02,-1.7,0.23,1.13,2.53,1.51
-2.88,2.15,-3.23,-3.51,-4.08,1.23,-1.92,-4.72,0.54,-0.01
4.67,0.43,2.97,5.33,2.99,5.37,3.83,5.8,6.69,3.18
0.85,-9.46,-3.49,2.6,-4.53,-1.05,-0.56,-3.37,-0.49,-3.41
1.1,0.27,1.84,0.14,3.36,1.81,4.08,-4.97,0.83,3.47
-0.85,0.07,0.9,-3.46,2.12,-0.54,4.37,3.35,-0.43,2.98
3.65,8.64,3.97,-2.68,6.33,4.29,7.16,4.83,-0.24,6.01
0.08,3.39,1.41,1.91,0,5.57,0.64,-1.36,2.71,3.86
-0.78,9.45,0.14,2.77,4.84,1.16,0.11,-6.84,2.45,3.28
-2.05,-0.28,1.66,5.96,-0.34,5.72,-1.5,-8.96,6.21,0.4
0.01,5.49,2.2,4.11,2.22,3.26,2.82,0.74,1.76,3.93
-9.24,2.32,0,1.15,-3.68,-2.87,-8.13,1.31,-0.14,-3.2
2.67,1.12,2.37,1.76,8.78,4.23,5.87,3.58,-0.05,1.71
-0.75,3.31,-0.32,-1.13,-0.42,4.64,-2.88,-2.99,3.18,2.19
-2.36,1.68,-0.11,0.49,-3.88,2.15,0.71,-5.94,1.94,2.05
4.28,0.5,3.43,4.22,6.4,5.47,3.97,3.13,3.68,3.43
-1.79,0.82,-1.93,1.38,1.32,-0.48,-0.27,0.88,-0.64,1.71
6.09,7.51,3.11,-1.94,1.62,2.59,4.74,5.94,-1.96,-2.3
0.67,0.84,1.33,-5.94,0.01,-6.04,0.64,1.1,-5.52,-2.78
1.46,4.51,3.73,0.6,2.98,-0.44,-1.82,2.45,1.61,2.62
-0.44,6.96,4.85,4.9,4.72,2.01,1.03,1.98,-1.22,4.41
-1.28,-4.36,-0.65,-2.94,1.66,-5.53,1.92,-5.57,-4.96,-3.88
-4.05,-6.42,-4.45,-3.58,-3.89,-3.74,-4.81,-6.68,-3.93,-4.25
1.22,-0.45,0.06,4.17,-1.59,1.42,0.2,2.3,2.12,1.27
-1.33,-2.77,2.06,0.92,2.08,1.66,-1.81,4.43,-5.35,3
-1.83,-3.44,-2.57,-2.73,-5.23,0.71,-2.67,-3.75,-3.14,-2.64
2.94,3.68,4.56,3.26,3.87,3.2,0.86,1.08,5.17,2.69
6.03,-0.25,4.73,-0.12,9.28,1.16,4.57,10.82,0.66,3.51
-0.34,-5.07,-1.66,-2.09,-0.49,-1.1,-2.37,1.72,-2.78,-4.2
2.16,-1.49,0.58,7.4,7.23,-0.08,1.24,0.91,1.57,0.05
-1.67,-5.11,-5.43,-4.83,-2.14,-5.45,-3.41,0.47,0.27,-5.16
1.32,3.85,4.06,-1.01,2.5,0.9,-2.85,0.58,0.35,1.42
1.85,-5.82,-0.39,0.38,-0.82,4.2,1.53,6.18,6.22,4.68
2.99,5.06,5.55,4.49,6.75,1.51,2.73,2.24,0.82,4.87
2.73,1.44,3.46,5.28,4.52,0.28,3.52,2.78,-1.75,1.93
1.84,1.46,2.97,2.25,8.29,1.59,-1.69,3.02,2.38,1.69
4.72,4.83,3.19,4.09,3.08,0.63,2.68,1.63,6.03,4.48
1.69,0.82,2.08,-3.08,9.8,3.86,4.93,4.49,-0.46,2.2
1.25,2.65,3.5,2.3,7.91,5.15,3.54,5.39,-0.38,4.84
0.68,0.72,-0.21,-1.59,-0.08,4.32,-2.74,1.07,0.99,3.67
6.69,-0.52,2.23,1.29,1.28,5.64,2.82,7.48,6.29,4.52
0.36,-4.78,-2.69,-0.26,1.45,-0.12,-5.45,1.11,1.49,-2.06
4.52,5.45,6.48,4.77,-0.69,2.81,6.15,4.99,1.56,6.13
1.7,3.15,1.54,5.8,-4.21,3.94,-0.8,5.91,5.08,1.08
2.67,3.5,3.34,-0.4,1.95,2.32,-0.35,6.04,1.86,3.55
3.12,2.02,0.92,1.04,6.33,-2.19,4.39,-1.12,-2.63,2.17
-0.94,4.28,3.53,4.99,-3.43,-1.87,5.98,0.19,-0.52,1.75
0.1,3.54,1.64,3.42,10.01,2.7,4.26,-0.61,-2.68,0.26
6.56,2.25,2.34,0.47,3.85,0.05,4.41,3.94,1.33,1.53
3.24,-4.93,-0.43,0.96,-4.92,0.42,-1.65,-0.23,5.26,-0.29
-4.1,-4.45,-3.99,-4.61,-7.37,-8.54,-7.56,-6.07,-5.82,-4.29
-0.75,3.08,3.27,2.91,4.4,-0.93,5.83,4.22,2.89,3.9
3.68,1.17,6.1,4.02,10.63,1.53,3.56,7.33,0.67,5.07
1.78,3.74,1.61,5.9,-1.96,-0.72,-2.23,-0.71,3.61,3.95
5.13,5.86,6.04,5.51,11.93,5.65,3.08,6.67,2.61,7.52
0.51,-2.41,-0.39,0.8,-2.7,2.64,-3.47,-2.65,0.15,-1.76
5.58,2.83,4.2,4.36,9.33,2.34,0.16,9.52,0.9,6.03
4.09,0.56,0.78,-5.67,-7.34,2.29,3.06,0.97,-0.55,2.6
-5.12,-3.25,-3.73,5.26,-5.66,-7.59,-1.31,-7.36,-2.76,-5.89
5.19,3.96,5.33,0.06,7.7,2.54,2.22,6.19,-1.4,5.2
5.89,6.28,7.81,7.3,10.16,6.64,6.05,6.88,3.78,6.21
3.53,3.43,5.19,1.31,1.47,3.78,5.05,8.88,3.05,5.38
3.35,7.46,7.16,7.44,15.96,2.69,7.75,2.04,2.8,9.3
-6.25,1.37,-5.54,0.27,-1.3,-2.48,-2.57,-6.13,-1.16,-4.74
5.56,5.34,3.32,6.28,3.47,9.65,5.17,6.6,4.64,7.92
-3.14,-3.3,-5.89,-2,-8.42,3.07,-2.17,0.16,0.92,-2.67
6.45,-1.63,4.22,-3.54,1.46,10.5,5.36,2.84,7.15,3.02
3.78,4.1,-0.24,-1.46,-4.18,4.52,-0.24,3.55,7.95,5.26
-2.89,0.55,0.73,-5.73,5.25,4.71,0.91,5.73,-4.39,-2.08
5.14,12.28,7.13,6.83,10.42,2.66,10.4,5.47,2.64,8.13
5.72,6.24,4.87,4.78,1.33,9.8,6.54,3.61,6.77,5.8
-3.1,0.99,1.24,3.79,5.09,-3.05,-0.37,1.9,-2.51,1.81
1.08,7.2,-2.47,-4.21,-6.95,-1.52,2.14,-2.46,-0.88,-3.09
3.8,1.8,-0.57,-1.33,8.73,3.19,4.79,6.16,2.84,3.08
-4.07,-1.32,-5.73,-6.69,0.47,3.79,-3.12,-0.22,-5.35,-1.76
-13,-19.17,-14.3,-10.37,-17.6,-11.81,-14.23,-12.25,2.29,-21.49
1.3,1.55,0.52,13.04,15.18,10.14,1.47,12.01,7.96,2.7
10.8,11.71,11.25,1.27,6.35,6.72,10.64,3.85,-1.77,8.91
6.33,4.84,3.62,0.47,11.61,3.68,9.49,6.17,1.35,6.19
0.51,4.26,2.38,-1.15,15.25,14.35,9,5.02,2.82,3.46
-3.41,5.43,0.54,-5.51,15.09,8.71,2.4,0.24,-6.27,1.1
-3.79,-4.31,-1.97,-3.16,-11.46,-2.91,-1.49,0.23,-3.77,0.02
-1.96,-0.84,4.78,15.4,8.51,-0.69,2.83,2.56,-1.71,2.47
3.75,10.33,9.35,15.89,2.37,8.29,0.54,-5.54,7.18,6.69
1.41,-5.54,-3.2,-3.13,-0.67,1.04,-2.9,-2.04,6.73,-3.76
0.33,0.59,4.53,-1.47,11.72,5.84,7.87,4.5,-4.29,3.19
-2.47,-5.98,-1.3,1.57,-1.8,-1.61,-5.07,-4.44,-0.48,-6.03
-4.62,1.15,-0.56,1.81,5.45,-7.58,-5.97,3.73,0.55,-5.21
-6.76,-7.76,-3.09,-3.86,-0.21,4.43,1.47,-7.09,-4.37,-4.37
6.46,4.47,5.74,-1.55,3.25,9.5,3.37,10.79,2.24,11.31
-1.22,-1.96,-1.08,3.74,12.87,4.34,4.27,1.49,-7.39,-2.3
-2.5,2.89,10.26,0.6,20.76,4.18,6.66,-5.64,-2.24,1.46
-4.78,-0.86,-8.67,0.91,-4.7,-3.98,-11.36,7.54,6.06,-4.69
-6.19,-8,-3.94,-5.66,18.18,-3.47,-3.74,-2.92,-7.26,-7.12
7.76,10.52,7.48,12.09,3.95,7.52,13.32,0.3,5.77,14.08
-1.82,9.29,1.45,-1.92,-10.69,-7.87,-4.47,5.28,7.6,-3.12
7.22,-13.23,-1.66,9.54,-10.84,-10.43,-2.77,3.95,3.9,3.4
2.39,-9.47,-1.26,-5.35,13.03,4.19,-2.31,11.52,-4.76,-2.94
0.78,4.61,-1.54,-2.56,-5.16,-7.36,-1.34,-6.16,4.43,5.49
-1.81,4.57,6.99,8.72,12.55,-1.04,-2.34,3.54,11.73,9.15
3.46,-4.1,-5.79,4.54,-14.99,-4.02,2.82,3.71,9.63,0.25
7.64,1.88,4.23,-2.88,-7.23,-0.35,-1.62,2.62,-2.25,-1.1
2.79,-11.21,-3.36,-2.52,-23.31,-15.59,-1.36,0.81,3.1,-6.12
5.47,1.07,7.3,7.61,-7.92,-4.23,5.7,3.53,6.58,7.2
-1.92,13.2,-1.01,-3.4,16.46,14.27,6.52,-8.96,-10.77,0.17
0.18,-1.25,-3.66,0.05,-25.91,-9.95,-5.34,-0.48,6.24,-4.41
-4.65,-3.06,-6.18,-0.14,-13.59,-5.86,-2.82,-8.44,1.64,-4.29
0.91,8.44,7.43,10.07,17.93,2.67,5.63,3.98,5.46,5.94
3.36,-2.32,2.51,0.11,-3.29,-1.32,1.51,3.02,0.01,3.66
-1.62,3.48,-4.47,-7.49,1.43,-3.07,-2.51,-2.87,-6.22,0.05
-0.19,3.21,0.51,-2.23,-7.56,-0.73,4.54,2.33,-3.8,-2.26
2.51,-11.36,-1.92,-3.48,-12.62,-9.26,-6.96,-3.11,0.68,-5.41
-2.57,-16.91,-12.76,-5.6,-18.93,-2.46,-9.57,-0.58,-6.1,-8.22
1.08,0.91,3.87,4.63,15.67,-9.42,1.56,1.18,1.36,-0.81
2.08,15.52,8.35,-4.07,15.89,6.03,9.76,5.04,-1.32,7.53
2.02,-0.95,2.66,5.92,-0.59,2.75,4.32,-2.89,4.24,3.44
1.92,2.9,1.65,-2.85,-0.54,-7.22,2.58,-2.36,-4.03,-1.59
4.36,3.11,4.3,5.45,-13.11,-2.39,-0.12,-0.49,-0.38,-0.16
3.74,6.9,4.96,7.63,6.42,0.33,2.12,0.46,9.98,5.31
2.66,1.75,-1.47,-4.6,-11.71,-12.7,-1.68,-7.57,0.1,-2.99
1.44,-0.2,-0.31,-0.76,-3.77,2.98,-1.5,-2.23,-5.99,-0.6
-5.79,-8.11,-3.1,-0.04,-12.16,-14.39,-5.11,-9.6,-5.28,-4.91
-6.72,-12.3,-8.42,-11.79,-9.62,-11.69,-11.44,-2.55,-12,-6.46
2.49,0.4,-1.3,0.58,-0.89,0.34,1.89,0.65,3.42,0.91
-7.68,-11.09,-8.26,-8.15,-16.68,-9.32,-9.43,-5.86,-10.8,-10.74
5.22,-3.27,3.81,3.2,19.29,21.34,5.68,5.69,-0.63,6.41
-1.27,12.09,6.11,3.06,16.1,11.83,1.94,3.71,1.57,4.5
0,-7.31,-3.75,0.84,-12.94,-9.07,-6.93,-4.05,3.85,-4.99
-4.78,-3.27,-4.03,-2.5,-1.5,-3.48,-4.74,-0.59,-3.24,-2.25
-3.11,-5.07,-2.26,1.91,1.3,-6.44,-1.2,-1.94,-3.94,-2.54
-2.67,-2.77,1.4,1.51,-0.95,-0.57,4.63,3.79,4.3,0.91
4.7,15.2,6.36,-0.46,9.25,11.17,8.96,4.32,7.28,11.66
9.22,2.84,4.61,8.61,9.7,6.22,3.42,3.9,10.1,5.23
1.57,2.68,0.51,-0.98,0.26,1.96,3.43,4.12,0.73,0.88
-2.33,6.54,4.95,-2.57,5.67,-1.63,3.32,0.6,-5.19,3.6
0.66,7.81,4.11,6.13,6.06,1.36,6.76,-2.54,1.92,0.53
1.11,-4.14,-3.69,-2.15,-0.91,-5.66,-4.53,0.24,3.87,0.34
5.59,7.04,8.88,1.64,8.25,6.69,9.03,0.73,1.55,6.47
3.78,3.1,2.09,0.63,1.87,-0.6,0.57,1.63,0.95,1.01
3.31,12.34,6.72,13.56,2.16,7.35,-2.13,5.69,5.81,4.36
0.13,-1.22,-0.64,0.24,4.47,1.43,0.45,3.04,1.91,2.75
4.28,-0.12,2,4.53,-2.93,-0.77,6.08,0.91,2.09,1.98
-0.3,-1.19,-0.26,-0.02,-2.5,-2.41,0.3,-3.9,1.18,-0.61
1.51,2.36,-0.16,2.62,-4.88,-0.49,-2.68,3.58,-3.52,-3.87
-2.19,-1.63,1.62,0.63,4.8,-2.89,0.27,-0.38,1.25,1.94
1.87,5.04,5.35,5.37,2.67,0.6,0.07,-0.38,2.03,1.44
-5.83,-4.64,-4.07,3.35,-8.5,-1.33,-3.98,-5.87,1.05,-2.41
0.82,-2.22,1.35,-1.34,-4.54,1.3,-1.15,1.67,3.67,1.95
-1.76,2.3,1.91,8.77,3.43,1.34,2.58,-1.42,1.38,1.25
2.86,-3,-1.38,0.63,5.15,3.35,3.08,-2.4,4.25,1.19
4.52,7.28,7.16,6.52,5.75,3.53,3.61,0.66,4.89,4.92
4.8,4.87,2.56,-2.27,3.1,4.28,3.43,5.66,2.48,4.42
-0.08,-7.02,-1.74,2.98,-6.33,-4.17,-1.08,-4.05,1.78,-2.45
0.61,-0.24,4.06,19.36,0.05,-0.29,0.86,2.48,2.35,0.2
-0.88,-7.98,-1.42,-3.5,-2.52,-0.12,0,-0.41,0.64,-2.38
-1.02,-11.13,-4.75,-5.64,-4.46,-1.98,-5.35,3.95,2.14,-1.62
2.26,8.82,2.92,2.07,8.23,1.46,6.39,1.45,1.63,3.34
-1.61,2.08,-1.14,5.71,-1.66,0.17,2.46,-0.57,5.57,1.43
2.37,5.42,5.78,6.12,6.05,2.98,5.84,3.73,2.96,2.49
0.03,-2.92,-1.45,5.7,-0.4,-1.13,-5.56,-0.33,1.23,-1.72
0.05,-5.13,0.78,7.26,0.75,-1.51,-1.75,-1.95,4.38,1.32
-2.18,-4.4,-2.45,-10.17,-1.57,-3.1,1.62,-3.25,-6.85,1.32
1.16,2.24,5.32,1.04,6.5,2.56,4,1.57,-0.21,4.98
0.13,-0.67,1.44,0.46,-1.86,-1.58,-0.61,2.4,1.23,0.12
0.23,5.86,5.08,12.55,4.08,3.72,1.98,2.15,3.02,1.58
1.28,-0.48,1.15,-8.13,-1.2,3.31,1.44,1.07,0.23,1.07
1.3,2.71,3,3.97,2.95,1.83,2.41,-0.96,-3.62,1.85
1.17,0.31,3.99,4.67,-1.05,1.68,-1.66,-1.93,1.85,2.23
1.84,0.69,-3.33,-3.39,-6.95,-0.26,-1.93,-2.18,1.51,-3.41
-0.03,1.79,-0.49,2.82,-1.23,2.86,0.27,-0.14,2.4,-0.33
3.49,-2.96,-3.67,5.14,-3.85,2.49,-4.29,4.27,4.88,-1.13
3.09,2.43,2.03,-3.19,7.3,2.11,2.2,2.29,2.32,1.64
-0.31,4.26,1.93,-3.76,3.58,3.4,5.69,1.67,-2.11,3.36
2.59,4.99,4.42,5.22,4.27,5.29,3.98,1.66,5.34,2.85
1.44,1.8,3.56,8.56,3,0.79,-1.26,0.05,2.99,1.68
1.98,-0.8,0.51,-2.03,-1.03,4.29,1.47,0.08,0.67,3.25
1.35,2.83,3.18,-1.24,2.11,2.79,3.65,3.5,0.4,1.08
-1.79,-0.48,0.8,-2.14,-2.47,-2.64,-0.59,-2.8,4.19,-2.27
2.47,-1.03,1.59,5.91,0.85,2.33,0.75,-0.21,4.3,-0.32
3.74,6.12,4.41,5.2,4.89,1.94,2.27,6.84,3.94,3.38
2.81,3.15,4.76,7.05,3.92,7.13,2.41,1.12,1.19,3.3
-0.86,1.92,-0.67,0.87,0.61,-1.72,-1.95,-3.4,-4.79,-2.73
-4.26,-5.76,-0.03,-1.1,-1.04,-3.1,-5.37,-3.98,-3.81,-5.53
1.83,-1.73,0.72,0.3,2.9,-0.87,1.4,2.25,2.01,0.91
3.76,1.76,5.41,7.82,4.28,2.12,-0.71,3.55,3.51,2.68
2.2,0.98,1.03,2.78,7.08,-2.13,1.07,1.55,6.74,-0.18
1.04,-9.01,-2.68,-4.35,-7.42,-6.56,-3.77,0.03,-0.58,-6.3
-1.11,-2.26,0.98,7.64,1.46,-0.38,-2.72,-4.07,0.93,-3.65
-4.95,-5.37,-7.38,-9.1,-12.53,-7.81,-0.43,-4.55,-6.94,-1.95
-0.22,-5.94,0.73,6.81,-3.79,-3.68,-4.85,-0.91,-3.06,-8.36
1.18,-4.17,0,-2.97,0.55,-0.2,1.88,-1.8,0.84,-1.7
-1.38,6.71,4.99,10.7,6.8,4.64,5.17,0.42,6.31,3.58
3.67,1.28,3.34,4.17,5.57,4.86,1.04,1.63,3.54,-2.41
-7.37,-19.56,-9.28,2.7,-8.87,-10.95,-8.1,-3,-0.52,-14.87
1.91,-0.16,-0.23,-15.57,-0.87,-2.95,1.15,6.77,-7.14,4.51
1.92,1.84,1.49,-0.02,2.42,3.9,5.38,1.8,-0.44,0.34
-2.96,-8.98,-13.3,-11.99,-12.53,-12.77,-5.77,-5.95,-11.97,-6.83
-12.2,-32.93,-20.7,-16.53,-18.12,-16.22,-15.11,-10.95,-11.11,-20.24
-6.73,-10.31,-7.82,0.28,-11.13,-2.31,-7.68,-7.36,1.23,-12.16
0.3,0.1,1.38,-2.37,2.29,3.56,4.91,6.74,-2.06,1.32
-3.63,-13.81,-9.17,-3.54,-3.13,-9.96,-7.62,-2.19,-0.82,-18.31
-7.59,-12.45,-13.5,-12.45,-4.99,-7.05,-3.1,-9.93,-12.59,-14.12
6.38,11.76,7.65,3.94,11.32,7.63,9.95,7.04,2.78,13.03
4.79,45.27,17.33,4.44,12.28,10.34,9.55,-0.95,2.08,16.59
6.75,-3.47,5.45,10.31,3.1,1.51,-0.9,6.25,4.64,7.63
0.34,4.28,-1.7,-4.66,4.4,1.53,-0.33,3.54,4.64,-1.98
7.44,19.11,11.25,5.29,8.12,5.52,6.76,5.53,4.39,9.07
0.83,2.88,2.9,0.75,2.33,0.82,3.7,2.19,0.22,7.99
4.32,2.47,6.51,4.97,5.27,6.56,2.38,2.4,2.27,3.22
-0.69,-0.53,-2.76,2.5,-1.37,-3.42,0.06,-3.69,-2.69,-5.25
3.82,9.49,7.56,3.31,4.95,6.67,5.04,8.22,4.54,5.85
2.67,5.32,2.81,-0.6,5.94,6.26,1.96,2.46,5.87,1.27
-2.33,-0.94,-3.23,-4.89,-7.86,-6.7,-1.85,-0.01,-4.49,-1.65
2.72,7.38,5.23,2.56,4.77,2.85,4.29,0.38,-0.41,3.42
5.98,9.49,6.51,3.24,6.69,7.6,6.24,3.61,3.13,8.42
-0.93,7.49,3.22,4.05,2.2,3.59,2.56,-2.22,2.85,2.16
-5.68,-8.99,-8.38,-10.22,-7.67,-5.81,-5.34,-8.01,-6.29,-8.87
-1.94,-10.51,-5.74,-6.29,-6.19,-3.98,-9.03,-1.64,-0.69,-7.7
7.37,15.72,9.6,7.74,7.46,9.58,4.6,2.15,6.8,7.51
-1.25,-9.65,-5.45,-3.45,-6.47,-2.13,-3.98,-1.66,0.38,-7.52
6.2,13.5,10.11,9.27,12.53,7.95,12.13,9,3.65,8.84
4.34,8.49,5.09,4.53,6.39,4.52,2.42,2.02,1.86,2.6
0.05,7.49,1.46,5.46,-0.83,-1.88,4.17,-3.34,-1.32,0.48
4.37,8.55,6.94,9.49,6.04,6.57,3.25,5.4,3.21,9.75
-2.35,0.29,2.86,6.85,3.84,0.04,-0.88,-0.71,2.21,1.92
4.86,-1.75,3.49,7.63,2.36,7.48,2.25,3.33,2.45,2.63
3.05,1.77,1.8,2.17,-1.51,1.6,1.08,2.29,0.91,-0.86
4.59,2.24,2.97,1.56,3.11,3.35,4.52,6.37,3.98,1.11
1.92,-3.54,-2.15,-4.53,-1.71,0.9,0.87,1.96,1.31,-2.4
-1.01,-1.07,-0.52,-2.32,-2.41,-1.35,-0.92,-1.83,-0.34,-2.06
-0.43,-8.93,-4.7,0.48,-0.26,-4.87,-0.67,-3.65,-0.35,-3.7
-0.68,-12.02,-6.09,-9.94,-6.9,-5.22,-2.91,-3.09,0.16,-7.54
-4.86,-14.1,-11.03,-12.16,-4.88,-5.79,-3.9,-3.96,-1.63,-10.37
6.45,23.24,14.07,16.11,11.96,7.57,9.8,5.54,6.7,13.21
1.4,-8.04,1.4,2.16,-2,0.29,1.09,1.27,1,-1.61
1.88,-1.18,-0.8,-0.35,-1.44,3.18,0.91,3.53,2.96,1.14
0.44,13.55,6.74,0.97,8.18,2.44,4.06,3.38,-2.69,6.76
3.97,6.03,3.83,6.45,6.62,4.78,3.15,1.23,1.26,3.88
3.91,0.91,0.7,-3.22,4.73,2.5,4.65,3.96,1.45,4.73
0.82,-7.02,-0.67,-1.59,-2.09,1.73,0.96,0.61,1.75,-1.67
-2.65,-8.15,-7.79,-10.5,-7.91,-1.07,-3.07,-3.28,-0.93,-7.18
3.34,-5.58,1.22,5.82,2.84,7.09,2.13,6.8,3.39,4.85
1.37,0.36,0.89,2.75,-0.55,4.07,1.26,1.65,3.73,-1.02
0.21,4.13,3.32,2.4,4.52,1.08,2.74,0.98,-3.34,2.77
0.88,3.6,1.63,3.78,1.63,4.81,1.97,4.67,2.17,3.84
-1.71,5.96,-0.66,-1.8,-6.39,-2.25,-0.99,-1.88,1.05,0.7
3.26,3.12,2.64,-1.5,1.89,0.08,1.46,1.5,-3.68,-0.09
-2.26,7.31,2.78,1.31,0.34,1.17,-1.12,-0.53,0.14,3.51
5.1,3.51,6.03,7.32,2.51,4.91,5.58,8.08,5.08,6.92
3.21,0.01,1.29,0.69,0.57,2.21,0.86,1.35,2.16,1.69
5.02,4.02,2.61,2.09,2.59,5.73,4.69,6.52,5.64,4.05
3.82,3.63,0.84,-1.35,0.5,4.25,2.67,2.58,5.05,0.89
-2.29,9.89,3.38,3.05,4.27,-1.72,2.24,1.61,-6.99,6.02
0.07,-0.48,-2,-2.38,-2.79,2.16,-0.07,-1.36,0.79,-1.21
2.92,8.97,5.98,5.16,5.94,3.52,5.9,7.87,4.58,5.44
-3.91,-1.08,-1.81,-1.95,-0.08,-3.22,-4.23,-3.86,-4.41,-3.65
1.94,6.42,5.26,1.92,3.88,4.17,4.5,4,1.04,3.76
4.75,0.87,4.49,4.78,3.89,5.81,5.09,3.83,3.34,3.74
1.3,1.96,2.89,0.93,3.5,0.25,3.67,4.44,-1.8,4.54
2.41,1.13,3.03,3.08,4.12,3.72,0.28,0.63,1.79,3.06
-5.7,-3.69,-4.25,-6.88,-1.17,-3.8,-6.45,1.57,2.49,-4.44
3.46,7.87,5.41,5.59,5.21,2.63,5.34,6.49,3.07,3.47
3.26,-1.06,0.33,2.46,-0.83,0.17,-0.58,-2.54,2.68,2.33
1.42,0.34,0.93,5.67,-1.24,0.39,-0.94,-0.29,3.97,-1.64
3.44,0.69,1.25,0.86,3.49,3.84,0.95,1.89,0,1.72
1.17,4.39,1.33,4.06,2.92,1.68,1.29,2.85,5.41,2.13
-4.31,-4.6,-4.06,-3.53,0.32,0.67,-2.29,-0.26,-6.4,-2.14
5.54,5.19,4.8,2.32,4.2,0.44,4.99,5.49,5.32,4.44
-0.08,-9.42,-2.28,-7.79,-1.31,-1.66,-1.44,-0.22,-3.37,-0.99
2.64,3.79,2.28,-4.17,1.32,1.24,3.07,5.88,6.69,3.36
4.79,4.75,2.26,-9.56,4.27,2.82,7.5,2.51,0.26,2.72
-2.36,0.58,-0.18,0.58,-1.28,-1.78,1.6,-0.83,1.89,1.14
-0.55,-4.3,-3.82,-4.32,-3.4,-4.75,-0.28,1.58,1.22,-6.2
5.03,8.13,6.15,4.71,8.22,8.89,5.52,4.23,-4.39,6.9
-2.43,-0.45,-2,-2.54,-2.44,-2.18,0.71,0.73,-0.32,-0.75
0.81,-0.98,-0.67,6.66,1.42,3.41,-2.21,-1.42,0.28,0.5
1.53,1.04,0.95,-5.1,1.93,0.54,0.93,4.86,-0.49,1.74
-1.32,-1.59,-1.81,-3.73,-3.46,-0.29,-0.58,0.16,-5.36,-0.3
4.84,-2.1,-2.02,-8.81,2.56,1.44,4.82,3.52,2.68,2.06
-4.15,-6.15,-5.57,-3.7,-5.85,-8.34,-5.33,-8.34,-4.02,-6.14
-0.6,-3.3,-4.14,-5.68,-1.45,-2.49,-1.77,-6.87,-0.48,-3.06
6.68,6.82,9.31,12.14,10.08,9.07,4.51,7.54,2.1,6.49
-0.93,1.92,0.43,1.07,1.21,-1.97,0.88,0.49,-3.4,1.19
0.8,-3.99,-2.61,-9.52,-2.6,-3.07,0.3,0.32,-2.32,-2.62
0.13,-12.6,-5.66,-4.38,-6.06,0.17,-4.16,-9.97,4.66,-8.29
0.64,4.06,3.38,-2.88,-0.94,0.93,0.08,-0.95,1.75,-0.14
4.97,10.78,6.76,10.8,8.32,6.06,5.71,3.94,7.86,7.05
0.29,1.51,2.28,9.11,-3.98,0.71,-0.63,4.94,-0.84,2.37
0.68,-1.16,-0.67,-0.61,5.02,0.3,0.98,2.39,2.23,0.9
4.72,-5.75,0.9,2.6,-1.85,3.55,0.84,-0.09,7.41,-2.7
-0.07,8.76,4.03,-2.76,7.79,2.37,3.49,6.12,-0.19,3.51
-0.63,0.35,1.48,1.47,1.81,-3.59,-1.44,-3.12,-3.9,3.37
-2.52,-1.63,-0.2,2.82,2.35,0.73,-0.69,0.56,1.76,-1.25
-0.14,-3.57,-2.61,-2.8,-1.12,-2.76,-3.97,-7.49,-0.59,0.68
-3.85,7.62,6.11,9.35,0.5,6.45,4.44,2.4,-2.82,11.34
3.51,3.87,0.5,2.1,0.82,4.77,-0.42,0.71,3.64,2.96
1.63,2.74,3.4,-4.36,4.68,2.87,1.01,2.02,1.08,0.93
3.69,0.66,4.16,-2.4,4.95,0.14,2.8,6.97,4.05,3.71
0.91,0.11,0.11,-1.19,2.12,1.05,0.8,0.03,0.32,-1.69
0.52,1.73,1.85,-2.66,2.72,0.02,2.71,0.91,0.38,0.23
3.12,-0.51,1.3,-3.28,4.22,-1.55,1.63,-0.25,2.56,-0.45
-1.03,3.51,1.28,-0.08,-2.1,-2.22,-1.9,5.54,-1.89,4.22
-0.13,-1.17,2.18,2.07,3.74,5.27,0.12,0.7,2.98,1.49
-1.73,-0.1,0.27,-5.09,3.08,-2.64,-1.67,2.58,2.2,-0.38
-0.33,5.28,4.17,10.95,0.65,-1.67,2.43,2.05,-1.97,4.36
0.09,1.25,2.8,0.49,6.88,-5.68,2.72,-2.27,3.07,2.08
4.11,-0.57,3.58,2.99,0.98,3.76,8.04,2.46,2.42,3.89
2.01,-0.89,2.29,5.01,-0.12,4.47,2.46,-0.17,-5.02,1.47
1.9,2.61,4.17,2.86,7.78,3.13,9.37,6.37,-2.83,5.95
-6.22,-6.04,-3.97,-10.74,-0.05,-7.13,-4.7,-3.53,-4.52,-3.31
-1.05,-5.61,-2.16,2.97,-3.29,-2.6,-2.52,-2.42,3.2,-2.68
-3.96,-0.14,-3.34,10.01,-0.05,-2.38,3.91,-0.04,2.77,0.47
-0.51,2.97,2.56,3.43,6.82,-0.84,0.89,2.29,0.21,1.22
4.52,0.73,-0.92,0.55,-0.3,6.43,3.06,1.49,2.61,-1.04
2.8,-1.56,5.09,1.12,2.27,2.69,3.21,5.99,1.73,3.97
-1.07,-0.56,-0.26,-2.84,7.29,3.08,8.05,4.4,0.91,2.46
0.71,-3.79,1.35,3.35,-0.2,1.64,0.63,2.14,-0.55,-1.21
-0.24,-3.18,-9.9,-11.87,-8.79,-0.34,-8.75,-8.7,-0.06,-6.62
0.46,5.17,4.6,-2.17,-1.55,2.62,2.47,6.46,3.27,3.02
-11.23,-11.43,-8.68,-13.02,-8.09,-8.77,-9.06,-8.18,-4.75,-10.62
7.3,10.73,9.73,10.32,9.56,5.56,8.2,5.25,5.41,9.18
1.42,3.97,5.27,2.46,5.66,3.26,0.78,3.23,3.62,2.71
3.68,-5.29,-0.81,1.99,3.74,0.41,3.37,0.48,3.32,-1.32
3.19,3.35,4.05,0.25,5.96,6.32,4.59,-3.13,1.02,6.66
-5.54,-12.09,-9.16,-11.81,-8.44,-2.97,-6.04,-3.37,-1.54,-6.3
4.93,13.01,8.13,8.86,7.9,4.96,7.14,6.84,3.64,6.72
1.73,1.02,0.88,-2.67,3.61,1.91,0.91,-2.19,-0.99,1.64
-1.33,-4.33,-1.63,-8.74,-2.75,0.43,0.07,-0.61,3.44,-4.47
1.85,3.28,3.9,3.71,0.95,1.44,0.77,-0.94,3.92,2.01
-0.02,7.3,-0.11,-2.07,3.18,2.25,0.73,4.73,-1.42,3.04
2.19,2.74,3.27,1.21,5.09,1.91,2.16,5.53,-2.15,4.98
3.53,5.07,1.45,6.18,3.7,1.24,1.37,3.45,4.13,2.4
-0.38,5.89,-2.95,-11.87,3.31,-1.99,0.93,-2.01,4.83,-1.37
-8.73,-7.29,-8.59,-15.3,-6.91,-5.95,-6.8,-5.39,-9.85,-9.84
-11.49,-22.76,-16.79,-34.49,-9.73,-13.37,-7.6,-5,-13.01,-18.87
8.01,25.86,10.94,32.38,15.25,9.56,18.04,13.41,5.07,10.54
3.3,7.22,5.98,0.52,8.25,4.78,4.42,4.05,4.56,3.88
-0.03,14.31,2.51,-0.4,6.02,-2.52,4.2,-1.52,-5.02,-0.07
5.87,18.43,4.49,-4.8,6.94,5.07,9.51,4.43,6.37,3.83
4.45,40.19,6.33,-1.07,10.5,5.51,8.16,2.45,-2.25,7.21
-1.98,-8.97,-0.02,-14.9,-5.11,-2.12,-3.87,-1.48,-0.27,-2.97
-2.56,-3.29,-0.76,-4.53,-1.82,-3.85,-2.57,-4.42,4.49,-1.9
10.02,33.85,13.86,28.46,10.83,14.43,8.38,9.52,2.63,15.76
5,15.65,2.6,6.16,4.96,5.29,1.49,4.76,0.63,5.31
-4.11,11.45,-2.49,4.64,0.56,-3.42,0,3.22,-0.4,-2.85
1.35,-7.93,5.59,23.31,1.64,4.5,-1.64,-1.35,-4.6,9.53
7.21,0.59,7.54,2.27,0.73,1.59,5.54,0.13,10.35,5.62
3.36,4.37,2.54,0.71,6.55,3.15,7.06,2.87,3.98,5.81
1.93,-5.26,2.7,6.13,-0.87,-0.83,-2.21,0.01,-1.17,2.94
-0.74,5.66,-0.8,5.5,6.94,-0.12,2.84,4.28,-1.42,-2.46
0.18,-0.98,1.4,-8.61,3.28,0.3,0.23,3.04,2.98,-0.38
-0.3,1.62,0.5,-1.35,4.69,1.35,2.36,2.81,3.23,2.51
-4.58,2.81,-5.92,10.49,-6.2,-5.64,-4.3,-5.99,-4.84,-2.32
3.78,30.3,5.1,10.4,7.69,-4.29,5.01,2.31,5.11,7.14
-3.86,1.78,-0.58,-5.4,0.8,-7.25,1.41,-4.29,-1.96,-4.92
7.97,-4.54,5.79,3.15,1.72,3.9,1.29,6.72,8.57,4.96
-0.73,-10.23,-5.99,17.6,-8.34,-1.98,-9,-8.66,-2.1,-2.88
-0.51,-7.19,-1.37,8.12,-5.2,0.23,-1.56,-1.01,-1.11,-0.88
0.4,14.67,0.74,9.83,3.2,-2.46,2.91,5.13,9.68,1.52
2.2,-16.97,-5.29,-1.12,-12.65,-10.7,-9.91,-6.8,-3.71,-8.95
-1.68,-8.84,-0.52,15.39,-2.15,8.54,-4.12,0.99,4.79,0.4
-3.9,-11.97,-9.41,-16.25,-8.34,-6.72,-7.65,-2.05,-6.55,-10.01
4.21,27.47,8.37,10.49,11.61,-0.4,14.64,2.75,6.26,8.76
-1.89,-5.77,-3.48,3.32,-5.18,-3.01,-3.12,-5.07,0.09,-2.82
-8.32,-6.68,-11.51,-9.12,-11.4,-13.94,-7.61,-1.91,-11.65,-7.91
9.94,-6.27,12.22,23.6,4.85,10.94,4.3,8.84,3.5,11.6
5.27,-7.57,9.02,0.97,5.24,2.32,3.86,5.46,6.82,6
-2.67,-27.47,-2.36,-4.16,-7.88,-6.76,-7.96,-1.73,-1.15,-5.27
